link,abbreviation,firstYearOfPlay,franchiseId,active,season,clinchIndicator,gamesPlayed,wins,losses,ot,pts,ptPctg,goalsPerGame,goalsAgainstPerGame,evGGARatio,powerPlayPercentage,powerPlayGoals,powerPlayGoalsAgainst,powerPlayOpportunities,penaltyKillPercentage,shotsPerGame,shotsAllowed,winScoreFirst,winOppScoreFirst,winLeadFirstPer,winLeadSecondPer,winOutshootOpp,winOutshotByOpp,faceOffsTaken,faceOffsWon,faceOffsLost,faceOffWinPercentage,shootingPctg,savePctg
/api/v1/teams/1,NJD,1982,23,True,20092010,1.0,82.0,48.0,27.0,7.0,103.0,62.8,2.634,2.268,1.0896,18.7,51.0,41.0,273.0,82.8,29.9878,26.9878,0.733,0.405,0.813,0.943,0.542,0.7,4244.0,2098.0,2146.0,49.4,8.8,0.916
/api/v1/teams/2,NYI,1972,22,True,20092010,0.0,82.0,34.0,37.0,11.0,79.0,48.2,2.61,3.146,0.8333,16.0,49.0,71.0,306.0,76.3,30.4024,31.939,0.641,0.209,0.6,0.794,0.405,0.462,4687.0,2261.0,2426.0,48.2,8.6,0.901
/api/v1/teams/3,NYR,1926,10,True,20092010,0.0,82.0,38.0,33.0,11.0,87.0,53.0,2.671,2.61,1.0643,18.3,55.0,50.0,301.0,84.3,29.5732,29.878,0.618,0.354,0.692,0.842,0.447,0.463,4545.0,2235.0,2310.0,49.2,9.0,0.913
/api/v1/teams/4,PHI,1967,16,True,20092010,1.0,82.0,41.0,35.0,6.0,88.0,53.7,2.829,2.707,0.9724,21.4,68.0,57.0,317.0,83.0,31.5732,28.6098,0.673,0.242,0.786,0.882,0.449,0.556,4823.0,2415.0,2408.0,50.1,9.0,0.905
/api/v1/teams/5,PIT,1967,17,True,20092010,1.0,82.0,47.0,28.0,7.0,101.0,61.6,3.037,2.866,1.0745,17.2,56.0,52.0,326.0,84.1,32.7805,28.6585,0.683,0.463,0.769,0.848,0.571,0.517,4754.0,2342.0,2412.0,49.3,9.3,0.9
/api/v1/teams/6,BOS,1924,6,True,20092010,1.0,82.0,39.0,30.0,13.0,91.0,55.5,2.39,2.329,0.951,16.6,44.0,37.0,265.0,86.4,31.6951,29.8171,0.7,0.262,0.731,0.786,0.532,0.345,4640.0,2441.0,2199.0,52.6,7.5,0.922
/api/v1/teams/7,BUF,1970,19,True,20092010,1.0,82.0,45.0,27.0,10.0,100.0,61.0,2.817,2.451,1.0966,17.6,55.0,38.0,313.0,86.6,31.561,31.378,0.756,0.341,0.778,1.0,0.457,0.643,4665.0,2269.0,2396.0,48.6,8.9,0.922
/api/v1/teams/8,MTL,1917,1,True,20092010,1.0,82.0,39.0,33.0,10.0,88.0,53.7,2.561,2.659,0.9041,21.8,57.0,53.0,261.0,83.0,28.6098,32.122,0.718,0.256,0.633,0.839,0.457,0.452,4597.0,2285.0,2312.0,49.7,9.0,0.917
/api/v1/teams/9,OTT,1992,30,True,20092010,1.0,82.0,44.0,32.0,6.0,94.0,57.3,2.683,2.841,0.8772,16.9,49.0,50.0,290.0,84.3,29.7073,28.5366,0.756,0.317,0.84,0.966,0.565,0.548,4648.0,2293.0,2355.0,49.3,9.0,0.9
/api/v1/teams/10,TOR,1926,5,True,20092010,0.0,82.0,30.0,38.0,14.0,74.0,45.1,2.561,3.207,0.9448,14.0,44.0,73.0,315.0,74.7,32.5732,29.7561,0.6,0.231,0.632,0.818,0.383,0.357,4684.0,2381.0,2303.0,50.8,7.9,0.892
/api/v1/teams/11,ATL,1999,35,False,20092010,0.0,82.0,35.0,34.0,13.0,83.0,50.6,2.805,3.049,0.9704,16.1,51.0,57.0,316.0,82.2,29.378,33.122,0.641,0.233,0.75,0.826,0.37,0.472,4816.0,2449.0,2367.0,50.9,9.5,0.908
/api/v1/teams/12,CAR,1997,26,True,20092010,0.0,82.0,35.0,37.0,10.0,80.0,48.8,2.756,3.061,0.882,16.9,56.0,62.0,332.0,80.6,29.2927,31.3902,0.61,0.244,0.778,0.818,0.389,0.477,4815.0,2318.0,2497.0,48.1,9.4,0.902
/api/v1/teams/13,FLA,1993,33,True,20092010,0.0,82.0,32.0,37.0,13.0,77.0,47.0,2.463,2.854,0.9026,14.2,44.0,59.0,309.0,79.4,28.4268,34.1463,0.462,0.326,0.6,0.7,0.444,0.393,4658.0,2323.0,2335.0,49.9,8.7,0.916
/api/v1/teams/14,TBL,1992,31,True,20092010,0.0,82.0,34.0,36.0,12.0,80.0,48.8,2.598,3.085,0.8333,19.3,63.0,67.0,326.0,80.1,28.8659,31.4024,0.611,0.261,0.667,0.828,0.357,0.44,4738.0,2442.0,2296.0,51.5,9.0,0.902
/api/v1/teams/15,WSH,1974,24,True,20092010,1.0,82.0,54.0,15.0,13.0,121.0,73.8,3.817,2.768,1.5662,25.2,79.0,67.0,313.0,78.8,32.8415,30.9146,0.731,0.533,0.718,0.889,0.674,0.649,4927.0,2538.0,2389.0,51.5,11.6,0.91
/api/v1/teams/16,CHI,1926,11,True,20092010,1.0,82.0,52.0,22.0,8.0,112.0,68.3,3.195,2.476,1.2013,17.7,52.0,39.0,294.0,85.3,34.122,25.0976,0.714,0.462,0.714,0.897,0.629,0.667,4466.0,2340.0,2126.0,52.4,9.4,0.901
/api/v1/teams/17,DET,1932,12,True,20092010,1.0,82.0,44.0,24.0,14.0,102.0,62.2,2.72,2.524,0.9276,19.2,59.0,43.0,307.0,83.9,33.378,29.4268,0.658,0.432,0.643,0.824,0.549,0.519,4580.0,2340.0,2240.0,51.1,8.1,0.914
/api/v1/teams/18,NSH,1998,34,True,20092010,1.0,82.0,47.0,29.0,6.0,100.0,61.0,2.646,2.695,1.0486,16.4,47.0,59.0,286.0,77.1,30.5854,29.2195,0.8,0.404,0.958,0.871,0.585,0.553,4688.0,2306.0,2382.0,49.2,8.7,0.908
/api/v1/teams/19,STL,1967,18,True,20092010,0.0,82.0,40.0,32.0,10.0,90.0,54.9,2.659,2.659,0.9865,16.9,52.0,45.0,307.0,86.8,29.8171,30.1585,0.521,0.441,0.625,0.758,0.475,0.5,4816.0,2352.0,2464.0,48.8,8.9,0.912
/api/v1/teams/20,CGY,1980,21,True,20092010,0.0,82.0,40.0,32.0,10.0,90.0,54.9,2.451,2.476,0.9928,16.0,43.0,54.0,268.0,82.3,28.6585,28.9268,0.66,0.219,0.714,0.868,0.432,0.474,4661.0,2237.0,2424.0,48.0,8.6,0.914
/api/v1/teams/21,COL,1995,27,True,20092010,1.0,82.0,43.0,30.0,9.0,95.0,57.9,2.89,2.78,1.0822,18.1,56.0,60.0,310.0,80.2,27.8902,32.061,0.65,0.405,0.758,0.805,0.5,0.527,4535.0,2165.0,2370.0,47.7,10.4,0.913
/api/v1/teams/22,EDM,1979,25,True,20092010,0.0,82.0,27.0,47.0,8.0,62.0,37.8,2.512,3.39,0.75,17.3,52.0,67.0,301.0,78.0,28.3049,33.122,0.588,0.146,0.778,0.81,0.28,0.345,4677.0,2170.0,2507.0,46.4,8.9,0.898
/api/v1/teams/23,VAN,1970,20,True,20092010,1.0,82.0,49.0,28.0,5.0,103.0,62.8,3.268,2.659,1.2429,20.9,68.0,59.0,325.0,81.6,30.9024,29.5,0.795,0.419,0.839,0.97,0.5,0.719,4738.0,2434.0,2304.0,51.4,10.6,0.91
/api/v1/teams/24,ANA,1993,32,True,20092010,0.0,82.0,39.0,32.0,11.0,89.0,54.3,2.841,2.963,0.9805,21.0,63.0,67.0,300.0,79.3,30.1463,33.378,0.568,0.368,0.742,0.743,0.576,0.396,4550.0,2187.0,2363.0,48.1,9.4,0.911
/api/v1/teams/25,DAL,1993,15,True,20092010,0.0,82.0,37.0,31.0,14.0,88.0,53.7,2.805,2.976,0.9809,18.6,61.0,65.0,328.0,77.4,30.7805,31.2073,0.657,0.298,0.667,0.88,0.474,0.425,4592.0,2210.0,2382.0,48.1,9.1,0.905
/api/v1/teams/26,LAK,1967,14,True,20092010,1.0,82.0,46.0,27.0,9.0,101.0,61.6,2.817,2.573,1.0741,20.9,64.0,60.0,307.0,80.3,29.1341,27.561,0.739,0.333,0.815,0.935,0.513,0.571,4503.0,2279.0,2224.0,50.6,9.7,0.907
/api/v1/teams/27,PHX,1996,28,False,20092010,1.0,82.0,50.0,25.0,7.0,107.0,65.2,2.573,2.39,1.1527,14.7,46.0,49.0,314.0,84.5,30.5122,29.5976,0.857,0.35,0.958,0.917,0.55,0.722,4562.0,2279.0,2283.0,50.0,8.4,0.919
/api/v1/teams/28,SJS,1991,29,True,20092010,1.0,82.0,51.0,20.0,11.0,113.0,68.9,3.134,2.549,1.2313,21.0,65.0,49.0,309.0,85.0,31.7317,31.3537,0.795,0.465,0.821,0.878,0.59,0.692,4740.0,2636.0,2104.0,55.6,9.9,0.919
/api/v1/teams/29,CBJ,2000,36,True,20092010,0.0,82.0,32.0,35.0,15.0,79.0,48.2,2.61,3.037,0.8155,18.2,56.0,61.0,308.0,81.7,28.5122,30.6585,0.526,0.273,0.481,0.686,0.367,0.4,4558.0,2324.0,2234.0,51.0,9.2,0.901
/api/v1/teams/30,MIN,2000,37,True,20092010,0.0,82.0,38.0,36.0,8.0,84.0,51.2,2.61,2.915,0.8805,19.1,59.0,53.0,309.0,82.7,27.6341,29.4512,0.706,0.292,0.741,0.875,0.438,0.489,4702.0,2455.0,2247.0,52.2,9.4,0.901
/api/v1/teams/1,NJD,1982,23,True,20102011,0.0,82.0,38.0,39.0,5.0,81.0,49.4,2.085,2.524,0.8027,14.3,34.0,40.0,237.0,83.4,28.5854,26.2439,0.692,0.256,0.76,0.917,0.386,0.545,4271.0,2186.0,2085.0,51.2,7.3,0.904
/api/v1/teams/2,NYI,1972,22,True,20102011,0.0,82.0,30.0,39.0,13.0,73.0,44.5,2.744,3.146,0.8068,17.2,52.0,52.0,302.0,83.2,29.3659,31.9512,0.69,0.189,0.722,0.704,0.219,0.469,4862.0,2438.0,2424.0,50.1,9.3,0.902
/api/v1/teams/3,NYR,1926,10,True,20102011,1.0,82.0,44.0,33.0,5.0,93.0,56.7,2.732,2.378,1.0949,16.9,49.0,42.0,290.0,83.7,29.9146,29.3902,0.683,0.39,0.739,1.0,0.5,0.618,4599.0,2195.0,2404.0,47.7,9.1,0.919
/api/v1/teams/4,PHI,1967,16,True,20102011,1.0,82.0,47.0,23.0,12.0,106.0,64.6,3.122,2.634,1.2069,16.6,49.0,54.0,295.0,82.8,31.7683,30.1341,0.68,0.406,0.735,0.864,0.548,0.571,4938.0,2484.0,2454.0,50.3,9.8,0.913
/api/v1/teams/5,PIT,1967,17,True,20102011,1.0,82.0,49.0,25.0,8.0,106.0,64.6,2.78,2.39,1.1128,15.8,49.0,45.0,311.0,86.1,31.4878,28.6829,0.756,0.439,0.793,0.889,0.566,0.654,4732.0,2329.0,2403.0,49.2,8.8,0.917
/api/v1/teams/6,BOS,1924,6,True,20102011,1.0,82.0,46.0,25.0,11.0,103.0,62.8,2.976,2.305,1.4048,16.2,43.0,46.0,265.0,82.6,32.878,32.7073,0.714,0.4,0.8,0.882,0.512,0.595,4791.0,2485.0,2306.0,51.9,9.1,0.93
/api/v1/teams/7,BUF,1970,19,True,20102011,1.0,82.0,43.0,29.0,10.0,96.0,58.5,2.927,2.78,1.1379,19.4,54.0,51.0,279.0,83.0,32.8049,30.6585,0.658,0.409,0.69,0.833,0.435,0.629,4724.0,2252.0,2472.0,47.7,8.9,0.909
/api/v1/teams/8,MTL,1917,1,True,20102011,1.0,82.0,44.0,30.0,8.0,96.0,58.5,2.598,2.512,1.0148,19.7,57.0,51.0,290.0,84.4,31.7317,30.9512,0.727,0.316,0.833,0.833,0.563,0.5,4712.0,2309.0,2403.0,49.0,8.2,0.919
/api/v1/teams/9,OTT,1992,30,True,20102011,0.0,82.0,32.0,40.0,10.0,74.0,45.1,2.317,2.988,0.7257,17.5,45.0,48.0,257.0,83.7,29.0366,31.2073,0.632,0.182,0.667,0.862,0.324,0.442,4510.0,2293.0,2217.0,50.8,8.0,0.904
/api/v1/teams/10,TOR,1926,5,True,20102011,0.0,82.0,37.0,34.0,11.0,85.0,51.8,2.598,2.988,0.9434,15.9,52.0,62.0,326.0,77.5,28.7805,30.9756,0.656,0.32,0.75,0.857,0.433,0.48,4699.0,2371.0,2328.0,50.5,9.0,0.904
/api/v1/teams/11,ATL,1999,35,False,20102011,0.0,82.0,34.0,36.0,12.0,80.0,48.8,2.659,3.195,0.858,18.3,53.0,64.0,289.0,77.5,31.4756,32.1707,0.489,0.324,0.5,0.741,0.4,0.419,4742.0,2311.0,2431.0,48.7,8.4,0.901
/api/v1/teams/12,CAR,1997,26,True,20102011,0.0,82.0,40.0,31.0,11.0,91.0,55.5,2.817,2.854,0.9875,15.9,55.0,51.0,346.0,81.2,30.6951,33.2317,0.757,0.267,0.95,0.964,0.393,0.529,4913.0,2192.0,2721.0,44.6,9.2,0.914
/api/v1/teams/13,FLA,1993,33,True,20102011,0.0,82.0,30.0,40.0,12.0,72.0,43.9,2.329,2.707,0.872,13.1,35.0,41.0,267.0,84.6,30.4024,31.8171,0.59,0.163,0.583,0.75,0.258,0.467,4639.0,2409.0,2230.0,51.9,7.7,0.915
/api/v1/teams/14,TBL,1992,31,True,20102011,1.0,82.0,46.0,25.0,11.0,103.0,62.8,2.939,2.854,0.9935,20.5,69.0,49.0,336.0,83.8,31.7683,28.7073,0.627,0.452,0.724,0.872,0.51,0.633,4934.0,2486.0,2448.0,50.4,9.3,0.901
/api/v1/teams/15,WSH,1974,24,True,20102011,1.0,82.0,48.0,23.0,11.0,107.0,65.2,2.671,2.329,1.0741,17.5,46.0,43.0,263.0,85.6,31.2927,28.9634,0.714,0.489,0.778,0.906,0.565,0.618,4906.0,2534.0,2372.0,51.6,8.5,0.92
/api/v1/teams/16,CHI,1926,11,True,20102011,1.0,82.0,44.0,29.0,9.0,97.0,59.1,3.073,2.683,1.1486,23.1,64.0,53.0,277.0,79.2,32.1585,28.7073,0.681,0.343,0.703,0.825,0.52,0.548,4751.0,2414.0,2337.0,50.8,9.6,0.907
/api/v1/teams/17,DET,1932,12,True,20102011,1.0,82.0,47.0,25.0,10.0,104.0,63.4,3.134,2.89,1.0182,22.3,67.0,53.0,301.0,82.3,33.622,30.6585,0.732,0.415,0.8,0.875,0.563,0.563,4890.0,2540.0,2350.0,51.9,9.3,0.906
/api/v1/teams/18,NSH,1998,34,True,20102011,1.0,82.0,44.0,27.0,11.0,99.0,60.4,2.598,2.317,1.1579,15.2,41.0,41.0,269.0,84.9,28.8049,30.6098,0.698,0.359,0.694,0.795,0.588,0.478,4685.0,2352.0,2333.0,50.2,9.0,0.924
/api/v1/teams/19,STL,1967,18,True,20102011,0.0,82.0,38.0,33.0,11.0,87.0,53.0,2.878,2.78,1.0185,18.6,52.0,51.0,279.0,81.7,30.1829,27.7317,0.587,0.306,0.567,0.839,0.392,0.6,4608.0,2180.0,2428.0,47.3,9.5,0.9
/api/v1/teams/20,CGY,1980,21,True,20102011,0.0,82.0,41.0,29.0,12.0,94.0,57.3,2.939,2.805,1.0867,19.5,62.0,53.0,318.0,81.2,30.5,28.5122,0.718,0.302,0.731,0.833,0.521,0.433,4881.0,2350.0,2531.0,48.1,9.6,0.902
/api/v1/teams/21,COL,1995,27,True,20102011,0.0,82.0,30.0,44.0,8.0,68.0,41.5,2.695,3.5,0.8764,18.5,49.0,75.0,265.0,76.1,29.1951,31.8171,0.545,0.245,0.714,0.944,0.276,0.426,4811.0,2436.0,2375.0,50.6,9.2,0.89
/api/v1/teams/22,EDM,1979,25,True,20102011,0.0,82.0,25.0,45.0,12.0,62.0,37.8,2.329,3.171,0.7427,14.5,44.0,74.0,304.0,77.0,26.6829,31.6707,0.563,0.14,0.75,0.682,0.182,0.375,4611.0,2036.0,2575.0,44.2,8.7,0.9
/api/v1/teams/23,VAN,1970,20,True,20102011,1.0,82.0,54.0,19.0,9.0,117.0,71.3,3.146,2.195,1.32,24.3,72.0,45.0,296.0,85.6,32.0,30.122,0.837,0.394,0.914,0.927,0.609,0.742,4836.0,2653.0,2183.0,54.9,9.8,0.927
/api/v1/teams/24,ANA,1993,32,True,20102011,1.0,82.0,47.0,30.0,5.0,99.0,60.4,2.866,2.841,0.8917,23.5,67.0,57.0,285.0,81.3,28.4634,32.2927,0.739,0.361,0.893,0.909,0.406,0.667,4627.0,2206.0,2421.0,47.7,10.1,0.912
/api/v1/teams/25,DAL,1993,15,True,20102011,0.0,82.0,42.0,29.0,11.0,95.0,57.9,2.707,2.756,1.0,18.0,55.0,55.0,306.0,80.1,27.6707,30.5366,0.821,0.233,0.897,0.889,0.625,0.478,4776.0,2386.0,2390.0,50.0,9.8,0.91
/api/v1/teams/26,LAK,1967,14,True,20102011,1.0,82.0,46.0,30.0,6.0,98.0,59.8,2.549,2.39,1.0496,16.1,47.0,40.0,292.0,85.5,28.8171,27.9024,0.72,0.313,0.731,0.963,0.5,0.618,4708.0,2407.0,2301.0,51.1,8.8,0.914
/api/v1/teams/27,PHX,1996,28,False,20102011,1.0,82.0,43.0,26.0,13.0,99.0,60.4,2.756,2.683,1.1691,15.9,46.0,64.0,289.0,78.4,30.3171,32.5976,0.738,0.3,0.72,0.889,0.48,0.577,4957.0,2551.0,2406.0,51.5,9.1,0.918
/api/v1/teams/28,SJS,1991,29,True,20102011,1.0,82.0,48.0,25.0,9.0,105.0,64.0,2.963,2.537,1.1579,23.5,68.0,56.0,289.0,79.6,34.5366,28.8902,0.744,0.41,0.773,0.806,0.583,0.55,4806.0,2582.0,2224.0,53.7,8.6,0.912
/api/v1/teams/29,CBJ,2000,36,True,20102011,0.0,82.0,34.0,35.0,13.0,81.0,49.4,2.561,3.049,0.8773,13.9,42.0,62.0,301.0,80.2,30.561,29.8415,0.611,0.261,0.773,0.826,0.419,0.417,4804.0,2459.0,2345.0,51.2,8.4,0.898
/api/v1/teams/30,MIN,2000,37,True,20102011,0.0,82.0,39.0,35.0,8.0,86.0,52.4,2.476,2.78,0.8497,18.1,53.0,53.0,292.0,82.8,26.1951,32.0122,0.795,0.186,0.793,0.962,0.231,0.522,4745.0,2408.0,2337.0,50.8,9.5,0.913
/api/v1/teams/1,NJD,1982,23,True,20112012,1.0,82.0,48.0,28.0,6.0,102.0,62.2,2.634,2.5,0.9333,17.2,46.0,27.0,267.0,89.6,27.4756,26.8171,0.727,0.421,0.769,0.853,0.571,0.545,4451.0,2095.0,2356.0,47.1,9.6,0.907
/api/v1/teams/2,NYI,1972,22,True,20112012,0.0,82.0,34.0,37.0,11.0,79.0,48.2,2.39,3.061,0.743,18.5,45.0,46.0,243.0,80.5,29.3902,30.1098,0.575,0.262,0.64,0.679,0.415,0.405,4560.0,2189.0,2371.0,48.0,8.1,0.898
/api/v1/teams/3,NYR,1926,10,True,20112012,1.0,82.0,51.0,24.0,7.0,109.0,66.5,2.707,2.22,1.1364,15.7,44.0,36.0,280.0,86.2,28.5122,27.8171,0.814,0.41,0.778,0.909,0.682,0.556,4577.0,2286.0,2291.0,50.0,9.5,0.92
/api/v1/teams/4,PHI,1967,16,True,20112012,1.0,82.0,47.0,26.0,9.0,103.0,62.8,3.171,2.744,1.1275,19.7,66.0,58.0,335.0,81.8,32.2073,28.4024,0.75,0.435,0.867,0.892,0.564,0.593,4825.0,2331.0,2494.0,48.3,9.8,0.903
/api/v1/teams/5,PIT,1967,17,True,20112012,1.0,82.0,51.0,25.0,6.0,108.0,65.9,3.329,2.659,1.1728,19.7,57.0,33.0,289.0,87.8,33.8902,27.4024,0.745,0.457,0.706,0.914,0.586,0.708,4957.0,2500.0,2457.0,50.4,9.8,0.903
/api/v1/teams/6,BOS,1924,6,True,20112012,1.0,82.0,49.0,29.0,4.0,102.0,62.2,3.171,2.427,1.3219,17.2,43.0,43.0,250.0,83.5,32.3537,29.7683,0.861,0.391,0.92,1.0,0.52,0.719,4829.0,2633.0,2196.0,54.5,9.8,0.918
/api/v1/teams/7,BUF,1970,19,True,20112012,0.0,82.0,39.0,32.0,11.0,89.0,54.3,2.573,2.72,1.0267,17.1,44.0,47.0,258.0,81.7,29.2317,31.3537,0.595,0.35,0.69,0.893,0.548,0.449,4735.0,2345.0,2390.0,49.5,8.8,0.913
/api/v1/teams/8,MTL,1917,1,True,20112012,0.0,82.0,31.0,35.0,16.0,78.0,47.6,2.524,2.61,0.9533,14.3,43.0,36.0,301.0,88.6,28.5366,29.6585,0.488,0.268,0.556,0.727,0.344,0.362,4739.0,2287.0,2452.0,48.3,8.8,0.912
/api/v1/teams/9,OTT,1992,30,True,20112012,1.0,82.0,41.0,31.0,10.0,92.0,56.1,2.963,2.878,1.0506,18.1,49.0,57.0,270.0,81.6,31.3902,32.0366,0.625,0.381,0.696,0.852,0.472,0.533,4893.0,2453.0,2440.0,50.1,9.4,0.91
/api/v1/teams/10,TOR,1926,5,True,20112012,0.0,82.0,35.0,37.0,10.0,80.0,48.8,2.768,3.159,0.8571,18.4,49.0,55.0,267.0,77.3,28.3171,30.8293,0.575,0.286,0.808,0.889,0.313,0.511,4689.0,2422.0,2267.0,51.6,9.8,0.898
/api/v1/teams/12,CAR,1997,26,True,20112012,0.0,82.0,33.0,33.0,16.0,82.0,50.0,2.585,2.89,0.8434,16.7,49.0,49.0,294.0,80.6,30.4512,32.3537,0.561,0.244,0.533,0.69,0.5,0.348,4858.0,2464.0,2394.0,50.7,8.5,0.911
/api/v1/teams/13,FLA,1993,33,True,20112012,1.0,82.0,38.0,26.0,18.0,94.0,57.3,2.402,2.634,0.8819,18.5,53.0,49.0,286.0,79.5,29.6707,30.5488,0.641,0.302,0.667,0.727,0.447,0.465,4583.0,2318.0,2265.0,50.6,8.1,0.914
/api/v1/teams/14,TBL,1992,31,True,20112012,0.0,82.0,38.0,36.0,8.0,84.0,51.2,2.829,3.39,0.9301,15.2,41.0,59.0,269.0,79.2,27.1585,30.5,0.628,0.282,0.696,0.889,0.444,0.455,4845.0,2354.0,2491.0,48.6,10.4,0.889
/api/v1/teams/15,WSH,1974,24,True,20112012,1.0,82.0,42.0,32.0,8.0,92.0,56.1,2.659,2.756,1.0133,16.7,41.0,49.0,245.0,81.6,27.9878,30.1829,0.69,0.325,0.821,0.962,0.5,0.51,4764.0,2380.0,2384.0,50.0,9.5,0.909
/api/v1/teams/16,CHI,1926,11,True,20112012,1.0,82.0,45.0,26.0,11.0,101.0,61.6,2.939,2.817,1.0118,15.2,42.0,51.0,277.0,78.1,31.5,28.5732,0.722,0.413,0.815,0.886,0.538,0.6,4728.0,2390.0,2338.0,50.5,9.3,0.901
/api/v1/teams/17,DET,1932,12,True,20112012,1.0,82.0,48.0,28.0,6.0,102.0,62.2,2.915,2.439,1.4365,16.1,48.0,50.0,298.0,81.8,32.1707,26.9756,0.727,0.421,0.839,0.931,0.577,0.615,4569.0,2357.0,2212.0,51.6,9.1,0.91
/api/v1/teams/18,NSH,1998,34,True,20112012,1.0,82.0,48.0,26.0,8.0,104.0,63.4,2.829,2.5,1.0533,21.6,54.0,40.0,250.0,83.6,27.5732,30.7683,0.833,0.325,0.815,0.857,0.625,0.593,4886.0,2394.0,2492.0,49.0,10.3,0.919
/api/v1/teams/19,STL,1967,18,True,20112012,1.0,82.0,49.0,22.0,11.0,109.0,66.5,2.512,1.89,1.3431,16.7,45.0,40.0,270.0,85.8,30.6341,26.7073,0.756,0.405,0.75,0.895,0.6,0.615,4633.0,2336.0,2297.0,50.4,8.2,0.929
/api/v1/teams/20,CGY,1980,21,True,20112012,0.0,82.0,37.0,29.0,16.0,90.0,54.9,2.427,2.646,0.8874,17.7,46.0,42.0,260.0,84.3,27.5366,30.8293,0.61,0.293,0.692,0.844,0.478,0.426,4804.0,2218.0,2586.0,46.2,8.8,0.914
/api/v1/teams/21,COL,1995,27,True,20112012,0.0,82.0,41.0,35.0,6.0,88.0,53.7,2.427,2.659,0.9262,18.4,41.0,47.0,223.0,83.0,31.5,29.5854,0.676,0.375,0.808,0.821,0.422,0.595,4666.0,2409.0,2257.0,51.6,7.7,0.91
/api/v1/teams/22,EDM,1979,25,True,20112012,0.0,82.0,32.0,40.0,10.0,74.0,45.1,2.524,2.829,0.9085,20.6,54.0,52.0,262.0,82.4,26.6585,30.7073,0.575,0.214,0.571,0.828,0.4,0.373,4573.0,2182.0,2391.0,47.7,9.5,0.908
/api/v1/teams/23,VAN,1970,20,True,20112012,1.0,82.0,51.0,22.0,9.0,111.0,67.7,2.939,2.329,1.1852,19.8,57.0,40.0,288.0,86.0,31.5,30.8049,0.75,0.346,0.806,0.914,0.591,0.639,4849.0,2529.0,2320.0,52.2,9.3,0.924
/api/v1/teams/24,ANA,1993,32,True,20112012,0.0,82.0,34.0,36.0,12.0,80.0,48.8,2.451,2.732,0.9045,16.6,45.0,51.0,271.0,82.0,27.939,28.8659,0.579,0.273,0.696,0.806,0.381,0.462,4540.0,2152.0,2388.0,47.4,8.8,0.905
/api/v1/teams/25,DAL,1993,15,True,20112012,0.0,82.0,42.0,35.0,5.0,89.0,54.3,2.488,2.659,0.9803,13.5,33.0,52.0,244.0,82.8,28.2317,30.8171,0.732,0.293,0.8,0.929,0.515,0.5,4742.0,2329.0,2413.0,49.1,8.8,0.914
/api/v1/teams/26,LAK,1967,14,True,20112012,1.0,82.0,40.0,27.0,15.0,95.0,57.9,2.293,2.073,0.9752,17.0,49.0,38.0,289.0,87.0,30.5976,27.4146,0.711,0.216,0.8,0.824,0.49,0.5,4647.0,2394.0,2253.0,51.5,7.5,0.924
/api/v1/teams/27,PHX,1996,28,False,20112012,1.0,82.0,42.0,27.0,13.0,97.0,59.1,2.561,2.366,1.1119,13.6,34.0,36.0,251.0,85.5,29.622,31.622,0.767,0.231,0.846,0.971,0.452,0.556,4628.0,2321.0,2307.0,50.1,8.6,0.925
/api/v1/teams/28,SJS,1991,29,True,20112012,1.0,82.0,43.0,29.0,10.0,96.0,58.5,2.671,2.5,1.097,21.1,57.0,52.0,270.0,76.9,33.8171,28.561,0.757,0.333,0.789,0.853,0.508,0.591,4857.0,2590.0,2267.0,53.3,7.9,0.912
/api/v1/teams/29,CBJ,2000,36,True,20112012,0.0,82.0,29.0,46.0,7.0,65.0,39.6,2.415,3.134,0.7952,15.5,49.0,64.0,317.0,76.6,29.9268,30.939,0.575,0.143,0.818,0.742,0.265,0.422,4793.0,2439.0,2354.0,50.9,8.1,0.899
/api/v1/teams/30,MIN,2000,37,True,20112012,0.0,82.0,35.0,36.0,11.0,81.0,49.4,2.024,2.646,0.7568,15.1,39.0,51.0,258.0,82.1,26.5122,31.3537,0.5,0.385,0.619,0.769,0.375,0.471,4804.0,2461.0,2343.0,51.2,7.6,0.916
/api/v1/teams/52,WPG,2011,35,True,20112012,0.0,82.0,37.0,35.0,10.0,84.0,51.2,2.695,2.951,0.9875,17.9,45.0,58.0,251.0,80.1,30.1341,30.122,0.641,0.279,0.818,0.813,0.459,0.442,4762.0,2335.0,2427.0,49.0,8.9,0.902
/api/v1/teams/1,NJD,1982,23,True,20122013,0.0,48.0,19.0,19.0,10.0,48.0,50.0,2.292,2.542,0.8553,15.3,27.0,32.0,176.0,81.1,28.375,23.125,0.737,0.172,0.727,0.75,0.457,0.25,2779.0,1339.0,1440.0,48.2,8.1,0.89
/api/v1/teams/2,NYI,1972,22,True,20122013,1.0,48.0,24.0,17.0,7.0,55.0,57.3,2.813,2.833,0.9792,19.9,31.0,28.0,156.0,80.3,30.9375,28.1667,0.739,0.28,0.813,0.842,0.556,0.4,2754.0,1369.0,1385.0,49.7,9.1,0.899
/api/v1/teams/3,NYR,1926,10,True,20122013,1.0,48.0,26.0,18.0,4.0,56.0,58.3,2.625,2.25,1.3,15.7,24.0,28.0,153.0,81.1,30.8958,28.1875,0.857,0.296,0.929,1.0,0.556,0.524,2820.0,1410.0,1410.0,50.0,8.5,0.92
/api/v1/teams/4,PHI,1967,16,True,20122013,0.0,48.0,23.0,22.0,3.0,49.0,51.0,2.75,2.896,0.8646,21.6,37.0,26.0,171.0,85.9,29.0417,28.5625,0.692,0.227,0.765,0.85,0.52,0.45,2901.0,1408.0,1493.0,48.5,9.5,0.899
/api/v1/teams/5,PIT,1967,17,True,20122013,1.0,48.0,36.0,12.0,0.0,72.0,75.0,3.375,2.479,1.3544,24.7,42.0,34.0,170.0,79.6,29.9583,29.2292,0.806,0.647,0.84,0.95,0.808,0.7,2893.0,1489.0,1404.0,51.5,11.3,0.915
/api/v1/teams/6,BOS,1924,6,True,20122013,1.0,48.0,28.0,14.0,6.0,62.0,64.6,2.646,2.208,1.28,14.8,18.0,21.0,122.0,87.1,32.4375,28.6042,0.731,0.409,0.765,0.652,0.576,0.538,2846.0,1605.0,1241.0,56.4,8.2,0.923
/api/v1/teams/7,BUF,1970,19,True,20122013,0.0,48.0,21.0,21.0,6.0,48.0,50.0,2.458,2.896,0.9011,14.1,23.0,37.0,163.0,79.2,27.8958,33.4583,0.667,0.208,0.6,0.692,0.333,0.5,2898.0,1340.0,1558.0,46.2,8.8,0.913
/api/v1/teams/8,MTL,1917,1,True,20122013,1.0,48.0,29.0,14.0,5.0,63.0,65.6,3.042,2.583,1.2532,20.7,42.0,35.0,203.0,79.8,30.5833,26.9375,0.724,0.421,0.789,0.81,0.606,0.6,3013.0,1499.0,1514.0,49.8,9.9,0.904
/api/v1/teams/9,OTT,1992,30,True,20122013,1.0,48.0,25.0,17.0,6.0,56.0,58.3,2.333,2.083,1.027,15.9,25.0,20.0,157.0,88.0,33.1458,31.2917,0.72,0.304,0.667,0.905,0.5,0.5,2889.0,1420.0,1469.0,49.1,7.0,0.933
/api/v1/teams/10,TOR,1926,5,True,20122013,1.0,48.0,26.0,17.0,5.0,57.0,59.4,3.021,2.667,1.05,18.7,31.0,19.0,166.0,87.9,26.3333,32.2708,0.594,0.438,0.727,0.87,0.417,0.583,2951.0,1477.0,1474.0,50.0,11.5,0.917
/api/v1/teams/12,CAR,1997,26,True,20122013,0.0,48.0,19.0,25.0,4.0,42.0,43.8,2.646,3.313,0.8585,14.6,24.0,36.0,165.0,77.6,32.1875,32.2083,0.579,0.276,0.692,0.933,0.435,0.375,2994.0,1503.0,1491.0,50.2,8.2,0.897
/api/v1/teams/13,FLA,1993,33,True,20122013,0.0,48.0,15.0,27.0,6.0,36.0,37.5,2.271,3.542,0.5714,20.4,29.0,39.0,142.0,74.2,29.1667,31.3333,0.647,0.129,0.636,0.857,0.286,0.308,2719.0,1342.0,1377.0,49.4,7.8,0.887
/api/v1/teams/14,TBL,1992,31,True,20122013,0.0,48.0,18.0,26.0,4.0,40.0,41.7,3.063,3.063,1.08,19.0,31.0,30.0,163.0,80.7,27.5625,30.2292,0.684,0.172,0.813,0.786,0.389,0.37,2932.0,1500.0,1432.0,51.2,11.1,0.899
/api/v1/teams/15,WSH,1974,24,True,20122013,1.0,48.0,27.0,18.0,3.0,57.0,59.4,3.042,2.708,1.069,26.8,44.0,36.0,164.0,77.9,28.125,32.3125,0.654,0.455,0.8,0.864,0.786,0.471,2923.0,1484.0,1439.0,50.8,10.8,0.916
/api/v1/teams/16,CHI,1926,11,True,20122013,1.0,48.0,36.0,7.0,5.0,77.0,80.2,3.104,2.021,1.5211,16.7,25.0,18.0,150.0,87.2,31.125,26.2083,0.897,0.526,0.895,0.897,0.788,0.643,2828.0,1436.0,1392.0,50.8,10.0,0.923
/api/v1/teams/17,DET,1932,12,True,20122013,1.0,48.0,24.0,16.0,8.0,56.0,58.3,2.542,2.292,1.1,18.4,34.0,30.0,185.0,81.7,30.1458,27.5417,0.64,0.348,0.643,0.857,0.438,0.667,2730.0,1387.0,1343.0,50.8,8.4,0.917
/api/v1/teams/18,NSH,1998,34,True,20122013,0.0,48.0,16.0,23.0,9.0,41.0,42.7,2.271,2.771,0.9059,17.1,24.0,34.0,140.0,75.5,25.9167,27.8125,0.611,0.167,0.636,0.8,0.368,0.269,2777.0,1381.0,1396.0,49.7,8.8,0.9
/api/v1/teams/19,STL,1967,18,True,20122013,1.0,48.0,29.0,17.0,2.0,60.0,62.5,2.583,2.375,1.0375,19.5,29.0,23.0,149.0,84.7,27.8333,24.1875,0.793,0.316,0.789,0.905,0.586,0.611,2835.0,1438.0,1397.0,50.7,9.3,0.902
/api/v1/teams/20,CGY,1980,21,True,20122013,0.0,48.0,19.0,25.0,4.0,42.0,43.8,2.667,3.271,0.6774,20.0,31.0,28.0,155.0,81.5,26.9375,29.4167,0.6,0.174,0.688,0.8,0.294,0.483,3008.0,1403.0,1605.0,46.6,9.9,0.889
/api/v1/teams/21,COL,1995,27,True,20122013,0.0,48.0,16.0,25.0,7.0,39.0,40.6,2.375,3.125,0.8283,15.0,21.0,36.0,140.0,80.3,29.4792,31.4167,0.563,0.219,0.7,0.643,0.304,0.333,2837.0,1449.0,1388.0,51.1,8.1,0.901
/api/v1/teams/22,EDM,1979,25,True,20122013,0.0,48.0,19.0,22.0,7.0,45.0,46.9,2.563,2.729,0.9011,20.1,34.0,29.0,169.0,83.4,26.7708,32.75,0.5,0.292,0.688,0.75,0.727,0.314,2747.0,1267.0,1480.0,46.1,9.6,0.917
/api/v1/teams/23,VAN,1970,20,True,20122013,1.0,48.0,26.0,15.0,7.0,59.0,61.5,2.542,2.396,1.0244,15.8,26.0,27.0,165.0,84.0,28.125,28.9375,0.645,0.353,0.714,0.783,0.5,0.556,2868.0,1365.0,1503.0,47.6,9.0,0.917
/api/v1/teams/24,ANA,1993,32,True,20122013,1.0,48.0,30.0,12.0,6.0,66.0,68.8,2.792,2.396,1.2778,21.5,29.0,30.0,135.0,81.5,28.0625,27.9167,0.75,0.5,0.8,0.895,0.615,0.667,2907.0,1382.0,1525.0,47.5,9.9,0.914
/api/v1/teams/25,DAL,1993,15,True,20122013,0.0,48.0,22.0,22.0,4.0,48.0,50.0,2.667,2.938,1.0109,17.0,29.0,34.0,171.0,81.0,26.2708,31.0208,0.696,0.24,0.737,0.706,0.5,0.441,2875.0,1356.0,1519.0,47.2,10.2,0.905
/api/v1/teams/26,LAK,1967,14,True,20122013,1.0,48.0,27.0,16.0,5.0,59.0,61.5,2.729,2.375,1.0864,19.9,33.0,27.0,166.0,83.2,29.8125,24.9583,0.808,0.273,0.938,0.864,0.576,0.533,2826.0,1470.0,1356.0,52.0,9.2,0.905
/api/v1/teams/27,PHX,1996,28,False,20122013,0.0,48.0,21.0,18.0,9.0,51.0,53.1,2.521,2.604,1.061,14.8,25.0,34.0,169.0,79.9,30.875,30.5625,0.737,0.241,0.813,0.938,0.478,0.391,2849.0,1482.0,1367.0,52.0,8.2,0.915
/api/v1/teams/28,SJS,1991,29,True,20122013,1.0,48.0,25.0,16.0,7.0,57.0,59.4,2.417,2.333,1.0,20.1,34.0,22.0,169.0,85.0,31.7917,28.9583,0.8,0.217,0.824,0.833,0.571,0.438,3010.0,1607.0,1403.0,53.4,7.6,0.919
/api/v1/teams/29,CBJ,2000,36,True,20122013,0.0,48.0,24.0,17.0,7.0,55.0,57.3,2.396,2.396,1.037,14.2,22.0,25.0,155.0,82.6,26.7292,29.9167,0.6,0.429,0.727,1.0,0.538,0.484,2802.0,1457.0,1345.0,52.0,9.0,0.92
/api/v1/teams/30,MIN,2000,37,True,20122013,1.0,48.0,26.0,19.0,3.0,55.0,57.3,2.458,2.604,0.8817,17.9,27.0,26.0,151.0,80.7,28.7917,27.0625,0.783,0.32,0.75,0.9,0.577,0.471,2835.0,1487.0,1348.0,52.5,8.5,0.904
/api/v1/teams/52,WPG,2011,35,True,20122013,0.0,48.0,24.0,21.0,3.0,51.0,53.1,2.625,2.938,0.9029,13.8,20.0,28.0,145.0,79.7,28.9375,29.6667,0.696,0.32,0.833,0.9,0.6,0.423,2746.0,1344.0,1402.0,48.9,9.1,0.901
/api/v1/teams/1,NJD,1982,23,True,20132014,0.0,82.0,35.0,29.0,18.0,88.0,53.7,2.402,2.378,0.9275,19.5,47.0,36.0,241.0,86.4,26.8171,25.4756,0.682,0.132,0.667,0.759,0.467,0.364,4624.0,2174.0,2450.0,47.0,9.0,0.907
/api/v1/teams/2,NYI,1972,22,True,20132014,0.0,82.0,34.0,37.0,11.0,79.0,48.2,2.634,3.183,0.8343,17.8,49.0,58.0,276.0,78.1,30.939,30.0488,0.5,0.354,0.556,0.556,0.375,0.432,4896.0,2310.0,2586.0,47.2,8.5,0.894
/api/v1/teams/3,NYR,1926,10,True,20132014,1.0,82.0,45.0,31.0,6.0,96.0,58.5,2.61,2.317,1.0677,18.2,48.0,34.0,264.0,85.3,33.1585,29.4146,0.816,0.318,0.769,0.903,0.537,0.591,4909.0,2397.0,2512.0,48.8,7.9,0.921
/api/v1/teams/4,PHI,1967,16,True,20132014,1.0,82.0,42.0,30.0,10.0,94.0,57.3,2.841,2.768,0.9618,19.7,58.0,48.0,294.0,84.8,30.3659,30.5854,0.744,0.302,0.75,0.829,0.564,0.476,5011.0,2504.0,2507.0,50.0,9.4,0.909
/api/v1/teams/5,PIT,1967,17,True,20132014,1.0,82.0,51.0,24.0,7.0,109.0,66.5,2.951,2.488,1.0467,23.4,65.0,38.0,278.0,85.0,29.9268,28.7683,0.841,0.368,0.893,0.861,0.614,0.629,4796.0,2445.0,2351.0,51.0,9.9,0.914
/api/v1/teams/6,BOS,1924,6,True,20132014,1.0,82.0,54.0,19.0,9.0,117.0,71.3,3.146,2.085,1.5299,21.7,50.0,43.0,230.0,83.7,31.8659,29.0854,0.837,0.394,0.793,0.911,0.609,0.733,4995.0,2577.0,2418.0,51.6,9.9,0.928
/api/v1/teams/7,BUF,1970,19,True,20132014,0.0,82.0,21.0,51.0,10.0,52.0,31.7,1.829,2.963,0.5893,14.1,36.0,51.0,256.0,81.4,26.2927,34.3415,0.29,0.235,0.333,0.667,0.214,0.231,4926.0,2305.0,2621.0,46.8,7.0,0.914
/api/v1/teams/8,MTL,1917,1,True,20132014,1.0,82.0,46.0,28.0,8.0,100.0,61.0,2.549,2.451,0.9855,17.2,48.0,43.0,279.0,85.1,28.4146,30.9878,0.822,0.243,0.821,0.921,0.607,0.52,5108.0,2532.0,2576.0,49.6,9.0,0.921
/api/v1/teams/9,OTT,1992,30,True,20132014,0.0,82.0,37.0,31.0,14.0,88.0,53.7,2.793,3.146,0.9474,18.4,50.0,61.0,271.0,80.9,32.8293,34.7439,0.65,0.262,0.607,0.774,0.387,0.5,5189.0,2659.0,2530.0,51.2,8.5,0.909
/api/v1/teams/10,TOR,1926,5,True,20132014,0.0,82.0,38.0,36.0,8.0,84.0,51.2,2.707,3.073,0.9217,19.8,50.0,58.0,252.0,78.4,27.9268,35.9146,0.675,0.262,0.737,0.897,0.533,0.462,5334.0,2574.0,2760.0,48.3,9.7,0.914
/api/v1/teams/12,CAR,1997,26,True,20132014,0.0,82.0,36.0,35.0,11.0,83.0,50.6,2.5,2.756,0.8903,14.6,41.0,44.0,281.0,81.7,31.2317,30.939,0.719,0.26,0.8,0.815,0.474,0.39,5042.0,2652.0,2390.0,52.6,8.0,0.911
/api/v1/teams/13,FLA,1993,33,True,20132014,0.0,82.0,29.0,45.0,8.0,66.0,40.2,2.293,3.195,0.8258,10.0,27.0,63.0,269.0,76.0,29.8902,31.1098,0.567,0.231,0.75,0.938,0.389,0.318,4931.0,2380.0,2551.0,48.3,7.7,0.897
/api/v1/teams/14,TBL,1992,31,True,20132014,1.0,82.0,46.0,27.0,9.0,101.0,61.6,2.829,2.549,1.1556,18.5,50.0,52.0,270.0,80.7,29.8293,29.2317,0.738,0.375,0.72,0.848,0.578,0.588,4862.0,2394.0,2468.0,49.2,9.5,0.913
/api/v1/teams/15,WSH,1974,24,True,20132014,0.0,82.0,38.0,30.0,14.0,90.0,54.9,2.744,2.793,0.8968,23.4,68.0,51.0,291.0,82.0,29.4146,33.5366,0.667,0.25,0.64,0.857,0.5,0.431,5032.0,2436.0,2596.0,48.4,9.3,0.917
/api/v1/teams/16,CHI,1926,11,True,20132014,1.0,82.0,46.0,21.0,15.0,107.0,65.2,3.183,2.585,1.2703,19.5,50.0,46.0,257.0,81.5,33.1098,27.1829,0.791,0.308,0.852,0.868,0.552,0.583,4873.0,2533.0,2340.0,52.0,9.6,0.905
/api/v1/teams/17,DET,1932,12,True,20132014,1.0,82.0,39.0,28.0,15.0,93.0,56.7,2.646,2.695,1.0333,17.7,50.0,50.0,282.0,83.0,29.9512,29.2805,0.585,0.366,0.667,0.714,0.5,0.444,4900.0,2487.0,2413.0,50.8,8.8,0.908
/api/v1/teams/18,NSH,1998,34,True,20132014,0.0,82.0,38.0,32.0,12.0,88.0,53.7,2.61,2.841,0.8807,19.2,46.0,47.0,239.0,80.2,29.0488,28.9024,0.75,0.239,0.885,0.857,0.421,0.538,4873.0,2586.0,2287.0,53.1,9.0,0.902
/api/v1/teams/19,STL,1967,18,True,20132014,1.0,82.0,52.0,23.0,7.0,111.0,67.7,2.915,2.293,1.2248,19.8,56.0,42.0,283.0,85.7,29.2927,26.378,0.837,0.333,0.848,0.892,0.617,0.697,4890.0,2536.0,2354.0,51.9,10.0,0.913
/api/v1/teams/20,CGY,1980,21,True,20132014,0.0,82.0,35.0,40.0,7.0,77.0,47.0,2.463,2.902,0.7989,15.7,39.0,43.0,249.0,81.7,26.8171,28.5976,0.697,0.245,0.75,0.786,0.324,0.535,4872.0,2253.0,2619.0,46.2,9.2,0.899
/api/v1/teams/21,COL,1995,27,True,20132014,1.0,82.0,52.0,22.0,8.0,112.0,68.3,2.988,2.634,1.1176,19.8,50.0,48.0,252.0,80.7,29.5122,32.6585,0.822,0.405,0.818,0.921,0.5,0.761,4907.0,2428.0,2479.0,49.5,10.1,0.919
/api/v1/teams/22,EDM,1979,25,True,20132014,0.0,82.0,29.0,44.0,9.0,67.0,40.9,2.427,3.256,0.7104,17.0,46.0,50.0,271.0,82.1,26.9268,32.878,0.486,0.255,0.714,0.789,0.417,0.321,4886.0,2395.0,2491.0,49.0,9.0,0.901
/api/v1/teams/23,VAN,1970,20,True,20132014,0.0,82.0,36.0,35.0,11.0,83.0,50.6,2.329,2.634,0.9267,15.2,39.0,46.0,257.0,83.2,30.8171,28.378,0.553,0.341,0.652,0.75,0.4,0.472,4933.0,2534.0,2399.0,51.4,7.6,0.907
/api/v1/teams/24,ANA,1993,32,True,20132014,1.0,82.0,54.0,20.0,8.0,116.0,70.7,3.207,2.476,1.3913,16.0,44.0,48.0,275.0,82.2,31.3293,28.6951,0.738,0.575,0.813,0.93,0.633,0.759,5266.0,2591.0,2675.0,49.2,10.2,0.914
/api/v1/teams/25,DAL,1993,15,True,20132014,1.0,82.0,40.0,31.0,11.0,91.0,55.5,2.817,2.72,1.0392,15.9,46.0,49.0,290.0,81.4,31.6707,30.3902,0.651,0.308,0.767,0.879,0.5,0.452,5127.0,2568.0,2559.0,50.1,8.9,0.911
/api/v1/teams/26,LAK,1967,14,True,20132014,1.0,82.0,46.0,28.0,8.0,100.0,61.0,2.415,2.049,1.2762,15.1,43.0,50.0,284.0,83.1,31.6463,26.2073,0.692,0.333,0.767,0.9,0.528,0.68,4870.0,2569.0,2301.0,52.8,7.6,0.922
/api/v1/teams/27,PHX,1996,28,False,20132014,0.0,82.0,37.0,30.0,15.0,89.0,54.3,2.561,2.732,1.0,19.9,56.0,57.0,282.0,79.0,30.4756,30.9878,0.63,0.222,0.719,0.697,0.289,0.605,4931.0,2563.0,2368.0,52.0,8.4,0.912
/api/v1/teams/28,SJS,1991,29,True,20132014,1.0,82.0,51.0,22.0,9.0,111.0,67.7,2.915,2.354,1.1655,17.2,50.0,33.0,291.0,84.9,34.7683,27.8171,0.766,0.429,0.75,0.902,0.636,0.609,5204.0,2747.0,2457.0,52.8,8.4,0.915
/api/v1/teams/29,CBJ,2000,36,True,20132014,1.0,82.0,43.0,32.0,7.0,93.0,56.7,2.756,2.61,1.0567,19.3,54.0,50.0,280.0,82.1,29.6463,30.7805,0.68,0.281,0.733,0.829,0.529,0.522,4824.0,2487.0,2337.0,51.5,9.3,0.915
/api/v1/teams/30,MIN,2000,37,True,20132014,1.0,82.0,43.0,27.0,12.0,98.0,59.8,2.427,2.415,1.15,17.9,45.0,53.0,252.0,78.8,26.5854,27.7195,0.738,0.3,0.769,0.844,0.417,0.541,4703.0,2393.0,2310.0,50.9,9.1,0.913
/api/v1/teams/52,WPG,2011,35,True,20132014,0.0,82.0,37.0,35.0,10.0,84.0,51.2,2.671,2.817,0.9512,15.4,40.0,49.0,259.0,83.2,30.6829,30.1463,0.6,0.34,0.75,0.76,0.426,0.471,4882.0,2289.0,2593.0,46.9,8.7,0.907
/api/v1/teams/1,NJD,1982,23,True,20142015,0.0,82.0,32.0,36.0,14.0,78.0,47.6,2.146,2.549,0.9297,19.3,41.0,52.0,212.0,80.6,24.4878,30.7073,0.533,0.216,0.593,0.781,0.235,0.438,4659.0,2203.0,2456.0,47.3,8.8,0.917
/api/v1/teams/2,NYI,1972,22,True,20142015,1.0,82.0,47.0,28.0,7.0,101.0,61.6,2.988,2.732,1.0802,18.7,50.0,48.0,267.0,78.0,33.7927,28.3049,0.592,0.545,0.667,0.781,0.607,0.476,4880.0,2402.0,2478.0,49.2,8.8,0.903
/api/v1/teams/3,NYR,1926,10,True,20142015,1.0,82.0,53.0,22.0,7.0,113.0,68.9,3.024,2.28,1.3188,16.8,39.0,37.0,232.0,84.3,31.4878,29.4878,0.82,0.375,0.853,0.973,0.625,0.656,4917.0,2298.0,2619.0,46.7,9.6,0.923
/api/v1/teams/4,PHI,1967,16,True,20142015,0.0,82.0,33.0,31.0,18.0,84.0,51.2,2.585,2.72,1.0073,23.4,60.0,61.0,256.0,77.1,29.4268,30.2561,0.688,0.22,0.731,0.864,0.475,0.341,5027.0,2571.0,2456.0,51.1,8.8,0.91
/api/v1/teams/5,PIT,1967,17,True,20142015,1.0,82.0,43.0,27.0,12.0,98.0,59.8,2.646,2.488,1.0882,19.3,49.0,42.0,254.0,84.8,31.6341,29.2805,0.673,0.303,0.735,0.882,0.587,0.485,4883.0,2396.0,2487.0,49.1,8.4,0.915
/api/v1/teams/6,BOS,1924,6,True,20142015,0.0,82.0,41.0,27.0,14.0,96.0,58.5,2.549,2.451,1.0357,17.8,38.0,44.0,213.0,82.0,31.0488,29.8659,0.674,0.308,0.742,0.871,0.512,0.471,5009.0,2686.0,2323.0,53.6,8.2,0.918
/api/v1/teams/7,BUF,1970,19,True,20142015,0.0,82.0,23.0,51.0,8.0,54.0,32.9,1.866,3.28,0.6099,13.4,30.0,64.0,224.0,75.1,24.1951,35.6098,0.528,0.087,0.563,0.647,0.5,0.246,4884.0,2195.0,2689.0,44.9,7.7,0.908
/api/v1/teams/8,MTL,1917,1,True,20142015,1.0,82.0,50.0,22.0,10.0,110.0,67.1,2.61,2.244,1.184,16.5,40.0,42.0,243.0,83.7,28.4634,30.122,0.821,0.419,0.714,0.865,0.611,0.585,5174.0,2695.0,2479.0,52.1,9.2,0.926
/api/v1/teams/9,OTT,1992,30,True,20142015,1.0,82.0,43.0,26.0,13.0,99.0,60.4,2.829,2.537,1.0897,16.8,47.0,44.0,280.0,82.9,30.9634,32.1341,0.587,0.444,0.696,0.821,0.533,0.522,5020.0,2421.0,2599.0,48.2,9.1,0.921
/api/v1/teams/10,TOR,1926,5,True,20142015,0.0,82.0,30.0,44.0,8.0,68.0,41.5,2.512,3.134,0.8,15.9,45.0,52.0,283.0,80.5,29.2317,33.5122,0.677,0.176,0.762,0.826,0.375,0.382,5194.0,2547.0,2647.0,49.0,8.6,0.906
/api/v1/teams/12,CAR,1997,26,True,20142015,0.0,82.0,30.0,41.0,11.0,71.0,43.3,2.232,2.671,0.756,18.8,45.0,29.0,240.0,84.7,30.7805,27.2683,0.611,0.174,0.708,0.759,0.423,0.25,4913.0,2602.0,2311.0,53.0,7.3,0.902
/api/v1/teams/13,FLA,1993,33,True,20142015,0.0,82.0,38.0,29.0,15.0,91.0,55.5,2.415,2.598,1.0272,16.3,40.0,50.0,246.0,80.0,30.6829,29.561,0.697,0.306,0.789,0.75,0.386,0.541,5155.0,2505.0,2650.0,48.6,7.9,0.912
/api/v1/teams/14,TBL,1992,31,True,20142015,1.0,82.0,50.0,24.0,8.0,108.0,65.9,3.159,2.512,1.2759,18.8,53.0,42.0,282.0,83.7,29.6098,27.8902,0.761,0.417,0.833,0.943,0.622,0.606,4772.0,2372.0,2400.0,49.7,10.7,0.91
/api/v1/teams/15,WSH,1974,24,True,20142015,1.0,82.0,45.0,26.0,11.0,101.0,61.6,2.89,2.427,1.0786,25.3,60.0,50.0,237.0,81.2,29.5,28.878,0.86,0.205,0.867,0.875,0.526,0.486,4921.0,2522.0,2399.0,51.2,9.8,0.916
/api/v1/teams/16,CHI,1926,11,True,20142015,1.0,82.0,48.0,28.0,6.0,102.0,62.2,2.683,2.268,1.1923,17.6,46.0,35.0,261.0,83.4,33.8659,30.2073,0.761,0.361,0.897,1.0,0.596,0.586,4905.0,2553.0,2352.0,52.0,7.9,0.925
/api/v1/teams/17,DET,1932,12,True,20142015,1.0,82.0,43.0,25.0,14.0,100.0,61.0,2.817,2.573,1.0455,23.8,70.0,55.0,294.0,80.9,29.622,28.3171,0.595,0.45,0.882,0.839,0.523,0.528,5015.0,2581.0,2434.0,51.5,9.5,0.909
/api/v1/teams/18,NSH,1998,34,True,20142015,1.0,82.0,47.0,25.0,10.0,104.0,63.4,2.756,2.463,1.2632,16.2,42.0,45.0,259.0,80.8,31.878,28.2561,0.711,0.455,0.741,0.771,0.63,0.529,5239.0,2562.0,2677.0,48.9,8.6,0.913
/api/v1/teams/19,STL,1967,18,True,20142015,1.0,82.0,51.0,24.0,7.0,109.0,66.5,2.915,2.402,1.1812,22.3,56.0,42.0,251.0,83.7,30.9146,27.2317,0.783,0.417,0.808,0.842,0.66,0.556,5123.0,2737.0,2386.0,53.4,9.4,0.912
/api/v1/teams/20,CGY,1980,21,True,20142015,1.0,82.0,45.0,30.0,7.0,97.0,59.1,2.89,2.598,1.0387,18.8,48.0,36.0,255.0,80.7,27.4634,29.1585,0.694,0.435,0.889,0.923,0.455,0.591,5123.0,2431.0,2692.0,47.5,10.5,0.911
/api/v1/teams/21,COL,1995,27,True,20142015,0.0,82.0,39.0,31.0,12.0,90.0,54.9,2.549,2.72,0.9938,15.0,37.0,37.0,247.0,84.7,27.878,33.1585,0.676,0.311,0.696,0.852,0.6,0.418,5039.0,2561.0,2478.0,50.8,9.1,0.918
/api/v1/teams/22,EDM,1979,25,True,20142015,0.0,82.0,24.0,44.0,14.0,62.0,37.8,2.354,3.366,0.6784,17.7,41.0,51.0,232.0,76.7,28.4268,30.0488,0.471,0.167,0.435,0.63,0.333,0.273,4957.0,2390.0,2567.0,48.2,8.3,0.888
/api/v1/teams/23,VAN,1970,20,True,20142015,1.0,82.0,48.0,29.0,5.0,101.0,61.6,2.878,2.683,0.9627,19.3,46.0,38.0,238.0,85.7,29.9146,29.8293,0.771,0.447,0.773,0.882,0.65,0.524,4993.0,2330.0,2663.0,46.7,9.6,0.91
/api/v1/teams/24,ANA,1993,32,True,20142015,1.0,82.0,51.0,24.0,7.0,109.0,66.5,2.78,2.695,1.0395,15.7,37.0,52.0,235.0,81.0,29.9756,28.8659,0.766,0.429,0.813,0.938,0.59,0.643,5135.0,2652.0,2483.0,51.6,9.3,0.907
/api/v1/teams/25,DAL,1993,15,True,20142015,0.0,82.0,41.0,31.0,10.0,92.0,56.1,3.134,3.134,0.9832,19.0,55.0,49.0,290.0,80.7,31.1951,29.9268,0.644,0.324,0.75,0.763,0.357,0.611,5418.0,2804.0,2614.0,51.8,10.0,0.895
/api/v1/teams/26,LAK,1967,14,True,20142015,0.0,82.0,40.0,27.0,15.0,95.0,57.9,2.659,2.402,1.1832,19.0,47.0,45.0,247.0,80.9,30.9268,27.0,0.659,0.317,0.724,0.771,0.545,0.435,4929.0,2530.0,2399.0,51.3,8.6,0.911
/api/v1/teams/28,SJS,1991,29,True,20142015,0.0,82.0,40.0,33.0,9.0,89.0,54.3,2.732,2.756,0.9103,21.6,55.0,48.0,254.0,78.5,31.5976,29.7073,0.707,0.268,0.786,0.8,0.5,0.5,5196.0,2698.0,2498.0,51.9,8.6,0.907
/api/v1/teams/29,CBJ,2000,36,True,20142015,0.0,82.0,42.0,35.0,5.0,89.0,54.3,2.768,3.024,0.8765,21.7,53.0,60.0,244.0,80.2,28.8537,33.439,0.73,0.333,0.815,0.833,0.417,0.558,5068.0,2498.0,2570.0,49.3,9.6,0.91
/api/v1/teams/30,MIN,2000,37,True,20142015,1.0,82.0,46.0,28.0,8.0,100.0,61.0,2.768,2.415,1.1419,15.8,39.0,32.0,246.0,86.3,30.7561,27.622,0.778,0.297,0.844,0.875,0.519,0.667,4995.0,2491.0,2504.0,49.9,9.0,0.913
/api/v1/teams/52,WPG,2011,35,True,20142015,1.0,82.0,43.0,26.0,13.0,99.0,60.4,2.72,2.488,1.1484,17.8,48.0,56.0,269.0,81.8,29.7439,28.6585,0.653,0.333,0.676,0.789,0.543,0.5,5065.0,2476.0,2589.0,48.9,9.1,0.913
/api/v1/teams/53,ARI,2014,28,True,20142015,0.0,82.0,24.0,50.0,8.0,56.0,34.1,2.012,3.256,0.6158,20.0,46.0,65.0,230.0,76.7,29.1829,33.1951,0.424,0.204,0.522,0.824,0.385,0.259,5142.0,2666.0,2476.0,51.9,6.9,0.902
/api/v1/teams/1,NJD,1982,23,True,20152016,0.0,82.0,38.0,36.0,8.0,84.0,51.2,2.22,2.463,0.8195,19.9,51.0,45.0,256.0,83.0,24.4268,28.6463,0.771,0.234,0.826,0.958,0.4,0.5,4701.0,2183.0,2518.0,46.4,9.1,0.914
/api/v1/teams/2,NYI,1972,22,True,20152016,1.0,82.0,45.0,27.0,10.0,100.0,61.0,2.768,2.573,1.0544,18.3,42.0,36.0,229.0,84.5,29.4146,30.4268,0.707,0.39,0.846,0.879,0.588,0.476,4654.0,2331.0,2323.0,50.1,9.4,0.915
/api/v1/teams/3,NYR,1926,10,True,20152016,1.0,82.0,46.0,27.0,9.0,101.0,61.6,2.841,2.622,1.2636,18.6,42.0,53.0,226.0,78.2,28.4878,30.4146,0.767,0.333,0.806,0.875,0.556,0.545,4703.0,2313.0,2390.0,49.2,10.0,0.914
/api/v1/teams/4,PHI,1967,16,True,20152016,1.0,82.0,41.0,27.0,14.0,96.0,58.5,2.573,2.561,1.0231,18.9,53.0,51.0,280.0,80.5,30.9756,30.7195,0.658,0.364,0.765,0.903,0.66,0.294,4961.0,2530.0,2431.0,51.0,8.3,0.917
/api/v1/teams/5,PIT,1967,17,True,20152016,1.0,82.0,48.0,26.0,8.0,104.0,63.4,2.939,2.427,1.2308,18.4,48.0,40.0,261.0,84.4,33.1951,29.7073,0.811,0.4,0.909,1.0,0.586,0.565,5169.0,2593.0,2576.0,50.2,8.9,0.918
/api/v1/teams/6,BOS,1924,6,True,20152016,0.0,82.0,42.0,31.0,9.0,93.0,56.7,2.878,2.78,1.0596,20.5,48.0,48.0,234.0,82.2,31.9512,30.3659,0.681,0.286,0.771,0.848,0.478,0.515,5140.0,2592.0,2548.0,50.4,9.0,0.908
/api/v1/teams/7,BUF,1970,19,True,20152016,0.0,82.0,35.0,36.0,11.0,81.0,49.4,2.427,2.622,0.8121,18.9,48.0,38.0,254.0,82.6,29.4878,30.622,0.6,0.298,0.696,0.815,0.343,0.5,4915.0,2427.0,2488.0,49.4,8.2,0.914
/api/v1/teams/8,MTL,1917,1,True,20152016,0.0,82.0,38.0,38.0,6.0,82.0,50.0,2.634,2.841,0.9671,16.2,42.0,46.0,259.0,81.9,30.5366,29.3659,0.73,0.244,0.852,0.806,0.429,0.5,5207.0,2621.0,2586.0,50.3,8.6,0.903
/api/v1/teams/9,OTT,1992,30,True,20152016,0.0,82.0,38.0,35.0,9.0,85.0,51.8,2.805,2.939,1.0135,15.8,38.0,61.0,240.0,75.8,28.3537,32.7805,0.774,0.275,0.81,0.8,0.238,0.55,4983.0,2519.0,2464.0,50.5,9.9,0.91
/api/v1/teams/10,TOR,1926,5,True,20152016,0.0,82.0,29.0,42.0,11.0,69.0,42.1,2.341,2.927,0.7407,15.4,40.0,50.0,259.0,81.6,30.6707,30.5244,0.517,0.264,0.579,0.773,0.333,0.41,5173.0,2617.0,2556.0,50.6,7.6,0.904
/api/v1/teams/12,CAR,1997,26,True,20152016,0.0,82.0,35.0,31.0,16.0,86.0,52.4,2.39,2.695,0.8354,16.8,40.0,32.0,238.0,84.3,29.8902,27.5732,0.619,0.225,0.64,0.828,0.314,0.621,4701.0,2523.0,2178.0,53.7,8.0,0.902
/api/v1/teams/13,FLA,1993,33,True,20152016,1.0,82.0,47.0,26.0,9.0,103.0,62.8,2.829,2.439,1.2619,16.9,47.0,55.0,278.0,79.5,28.7561,29.5,0.75,0.324,0.839,0.786,0.561,0.59,5088.0,2548.0,2540.0,50.1,9.8,0.917
/api/v1/teams/14,TBL,1992,31,True,20152016,1.0,82.0,46.0,31.0,5.0,97.0,59.1,2.732,2.415,1.184,15.8,44.0,41.0,279.0,84.0,29.2927,28.8537,0.795,0.289,0.792,0.921,0.436,0.65,4793.0,2372.0,2421.0,49.5,9.3,0.916
/api/v1/teams/15,WSH,1974,24,True,20152016,1.0,82.0,56.0,18.0,8.0,120.0,73.2,3.024,2.329,1.2969,21.9,55.0,38.0,251.0,85.2,30.6098,28.439,0.895,0.5,0.955,0.974,0.66,0.71,4777.0,2368.0,2409.0,49.6,9.9,0.918
/api/v1/teams/16,CHI,1926,11,True,20152016,1.0,82.0,47.0,26.0,9.0,103.0,62.8,2.854,2.524,0.9437,22.6,57.0,46.0,252.0,80.3,30.4634,30.8049,0.774,0.207,0.875,0.902,0.5,0.622,4832.0,2380.0,2452.0,49.2,9.4,0.918
/api/v1/teams/17,DET,1932,12,True,20152016,1.0,82.0,41.0,30.0,11.0,93.0,56.7,2.549,2.671,0.942,18.8,50.0,50.0,266.0,81.5,29.6585,29.7439,0.733,0.216,0.81,0.71,0.528,0.477,4784.0,2417.0,2367.0,50.5,8.6,0.91
/api/v1/teams/18,NSH,1998,34,True,20152016,1.0,82.0,41.0,27.0,14.0,96.0,58.5,2.732,2.598,1.029,19.7,51.0,46.0,259.0,81.2,30.5732,27.3415,0.644,0.324,0.697,0.839,0.417,0.581,4902.0,2387.0,2515.0,48.7,8.9,0.905
/api/v1/teams/19,STL,1967,18,True,20152016,1.0,82.0,49.0,24.0,9.0,107.0,65.2,2.671,2.402,1.121,21.5,51.0,41.0,237.0,85.1,30.1707,29.7439,0.727,0.447,0.8,0.824,0.561,0.641,5031.0,2579.0,2452.0,51.3,8.9,0.919
/api/v1/teams/20,CGY,1980,21,True,20152016,0.0,82.0,35.0,40.0,7.0,77.0,47.0,2.793,3.134,0.8994,17.0,46.0,57.0,270.0,75.5,29.2439,28.9878,0.587,0.222,0.692,0.839,0.514,0.364,4961.0,2411.0,2550.0,48.6,9.5,0.892
/api/v1/teams/21,COL,1995,27,True,20152016,0.0,82.0,39.0,39.0,4.0,82.0,50.0,2.585,2.927,0.9205,18.1,48.0,51.0,266.0,80.2,28.6341,32.3049,0.614,0.316,0.724,0.758,0.407,0.529,4782.0,2384.0,2398.0,49.9,9.0,0.909
/api/v1/teams/22,EDM,1979,25,True,20152016,0.0,82.0,31.0,43.0,8.0,70.0,42.7,2.427,2.951,0.7882,18.1,43.0,48.0,237.0,81.1,29.0976,31.0732,0.622,0.178,0.773,0.857,0.321,0.423,4978.0,2429.0,2549.0,48.8,8.3,0.905
/api/v1/teams/23,VAN,1970,20,True,20152016,0.0,82.0,31.0,38.0,13.0,75.0,45.7,2.268,2.915,0.8052,15.8,39.0,47.0,247.0,81.1,28.1829,32.5366,0.5,0.292,0.591,0.6,0.28,0.436,4892.0,2223.0,2669.0,45.4,8.0,0.91
/api/v1/teams/24,ANA,1993,32,True,20152016,1.0,82.0,46.0,25.0,11.0,103.0,62.8,2.622,2.293,0.9695,23.1,56.0,37.0,242.0,87.2,30.2805,27.5366,0.667,0.387,0.697,0.857,0.56,0.567,4807.0,2497.0,2310.0,52.0,8.7,0.917
/api/v1/teams/25,DAL,1993,15,True,20152016,1.0,82.0,50.0,23.0,9.0,109.0,66.5,3.232,2.78,1.0844,22.1,58.0,44.0,262.0,82.3,32.0,28.9146,0.756,0.463,0.828,0.943,0.58,0.7,5174.0,2597.0,2577.0,50.2,10.1,0.904
/api/v1/teams/26,LAK,1967,14,True,20152016,1.0,82.0,48.0,28.0,6.0,102.0,62.2,2.72,2.341,1.1653,20.0,47.0,53.0,235.0,81.4,32.0122,27.4878,0.682,0.474,0.708,0.838,0.585,0.636,5017.0,2534.0,2483.0,50.5,8.5,0.915
/api/v1/teams/28,SJS,1991,29,True,20152016,1.0,82.0,46.0,30.0,6.0,98.0,59.8,2.89,2.524,1.1194,22.6,62.0,46.0,275.0,80.5,30.378,27.378,0.814,0.282,0.862,0.933,0.538,0.654,4876.0,2472.0,2404.0,50.7,9.5,0.908
/api/v1/teams/29,CBJ,2000,36,True,20152016,0.0,82.0,34.0,40.0,8.0,76.0,46.3,2.598,3.024,0.9317,17.3,43.0,53.0,248.0,81.0,29.1098,31.0976,0.629,0.255,0.68,0.846,0.333,0.468,5043.0,2471.0,2572.0,49.0,8.9,0.903
/api/v1/teams/30,MIN,2000,37,True,20152016,1.0,82.0,38.0,33.0,11.0,87.0,53.0,2.598,2.488,1.0853,18.5,48.0,45.0,259.0,77.9,28.9512,28.622,0.717,0.139,0.724,0.889,0.4,0.514,4933.0,2591.0,2342.0,52.5,9.0,0.913
/api/v1/teams/52,WPG,2011,35,True,20152016,0.0,82.0,35.0,39.0,8.0,78.0,47.6,2.585,2.878,0.9931,14.8,38.0,61.0,257.0,78.4,29.5976,29.5488,0.629,0.277,0.708,0.885,0.524,0.333,4829.0,2257.0,2572.0,46.7,8.7,0.903
/api/v1/teams/53,ARI,2014,28,True,20152016,0.0,82.0,35.0,39.0,8.0,78.0,47.6,2.537,2.976,0.95,17.7,53.0,69.0,300.0,77.3,27.622,30.9634,0.548,0.3,0.538,0.808,0.355,0.46,5050.0,2762.0,2288.0,54.7,9.2,0.904
/api/v1/teams/1,NJD,1982,23,True,20162017,0.0,82.0,28.0,40.0,14.0,70.0,42.7,2.195,2.939,0.7651,17.5,44.0,53.0,251.0,79.6,27.7927,31.3659,0.463,0.22,0.44,0.704,0.481,0.275,4920.0,2422.0,2498.0,49.2,7.9,0.906
/api/v1/teams/2,NYI,1972,22,True,20162017,0.0,82.0,41.0,29.0,12.0,94.0,57.3,2.915,2.902,1.0471,15.0,35.0,41.0,234.0,81.9,30.2439,31.9024,0.614,0.368,0.724,0.857,0.559,0.452,4741.0,2261.0,2480.0,47.7,9.6,0.909
/api/v1/teams/3,NYR,1926,10,True,20162017,1.0,82.0,48.0,28.0,6.0,102.0,62.2,3.085,2.634,1.0844,20.2,47.0,45.0,233.0,79.8,29.7317,30.061,0.667,0.486,0.741,0.871,0.463,0.7,4864.0,2353.0,2511.0,48.4,10.4,0.912
/api/v1/teams/4,PHI,1967,16,True,20162017,0.0,82.0,39.0,33.0,10.0,88.0,53.7,2.585,2.817,0.8312,19.5,54.0,50.0,277.0,79.8,31.5244,28.4634,0.588,0.396,0.8,0.826,0.46,0.5,4857.0,2539.0,2318.0,52.3,8.2,0.901
/api/v1/teams/5,PIT,1967,17,True,20162017,1.0,82.0,50.0,21.0,11.0,111.0,67.7,3.39,2.793,1.2333,23.1,60.0,52.0,260.0,79.8,33.4756,32.5732,0.638,0.571,0.778,0.949,0.705,0.529,5154.0,2452.0,2702.0,47.6,10.1,0.914
/api/v1/teams/6,BOS,1924,6,True,20162017,1.0,82.0,44.0,31.0,7.0,95.0,57.9,2.829,2.549,0.966,21.7,53.0,38.0,244.0,85.7,33.1829,26.7561,0.696,0.333,0.742,0.944,0.508,0.619,5045.0,2686.0,2359.0,53.2,8.5,0.905
/api/v1/teams/7,BUF,1970,19,True,20162017,0.0,82.0,33.0,37.0,12.0,78.0,47.6,2.427,2.817,0.8077,24.5,57.0,53.0,233.0,77.6,30.378,34.3049,0.512,0.293,0.536,0.741,0.333,0.434,4929.0,2445.0,2484.0,49.6,8.0,0.918
/api/v1/teams/8,MTL,1917,1,True,20162017,1.0,82.0,47.0,26.0,9.0,103.0,62.8,2.72,2.415,1.1938,19.6,45.0,47.0,229.0,81.1,29.9878,29.622,0.75,0.368,0.808,0.867,0.641,0.55,4999.0,2516.0,2483.0,50.3,9.1,0.918
/api/v1/teams/9,OTT,1992,30,True,20162017,1.0,82.0,44.0,28.0,10.0,98.0,59.8,2.512,2.561,0.9574,17.0,43.0,50.0,253.0,79.7,30.0366,30.0854,0.763,0.341,0.75,0.879,0.425,0.649,5001.0,2549.0,2452.0,51.0,8.4,0.915
/api/v1/teams/10,TOR,1926,5,True,20162017,1.0,82.0,40.0,27.0,15.0,95.0,57.9,3.049,2.854,1.0497,23.8,58.0,44.0,244.0,82.5,31.9146,32.5976,0.644,0.297,0.714,0.756,0.406,0.542,5061.0,2524.0,2537.0,49.9,9.6,0.912
/api/v1/teams/12,CAR,1997,26,True,20162017,0.0,82.0,36.0,31.0,15.0,87.0,53.0,2.585,2.805,0.848,17.8,41.0,32.0,231.0,84.2,30.4024,28.2927,0.529,0.375,0.593,0.714,0.38,0.5,4581.0,2431.0,2150.0,53.1,8.5,0.901
/api/v1/teams/13,FLA,1993,33,True,20162017,0.0,82.0,35.0,36.0,11.0,81.0,49.4,2.5,2.817,0.8125,17.0,45.0,36.0,265.0,85.3,32.2439,31.6463,0.595,0.25,0.607,0.828,0.488,0.417,4974.0,2384.0,2590.0,47.9,7.8,0.911
/api/v1/teams/14,TBL,1992,31,True,20162017,0.0,82.0,42.0,30.0,10.0,94.0,57.3,2.805,2.732,0.9724,22.8,62.0,48.0,272.0,81.4,29.9024,30.3902,0.667,0.408,0.826,0.871,0.457,0.55,4985.0,2376.0,2609.0,47.7,9.4,0.91
/api/v1/teams/15,WSH,1974,24,True,20162017,1.0,82.0,55.0,19.0,8.0,118.0,72.0,3.183,2.159,1.5752,23.1,57.0,44.0,247.0,83.8,30.4268,27.8293,0.793,0.375,0.81,0.953,0.694,0.655,4785.0,2385.0,2400.0,49.8,10.5,0.922
/api/v1/teams/16,CHI,1926,11,True,20162017,1.0,82.0,50.0,23.0,9.0,109.0,66.5,2.927,2.585,1.2029,18.0,42.0,47.0,233.0,77.7,30.5854,31.3902,0.74,0.406,0.788,0.857,0.553,0.659,4710.0,2236.0,2474.0,47.5,9.6,0.918
/api/v1/teams/17,DET,1932,12,True,20162017,0.0,82.0,33.0,36.0,13.0,79.0,48.2,2.415,2.976,0.8889,15.1,38.0,45.0,252.0,80.8,28.4756,30.5732,0.5,0.326,0.591,0.741,0.414,0.388,4858.0,2520.0,2338.0,51.9,8.5,0.903
/api/v1/teams/18,NSH,1998,34,True,20162017,1.0,82.0,41.0,29.0,12.0,94.0,57.3,2.902,2.683,1.1268,18.9,49.0,46.0,259.0,80.9,31.1829,30.1463,0.676,0.356,0.682,0.784,0.489,0.471,5052.0,2599.0,2453.0,51.4,9.3,0.911
/api/v1/teams/19,STL,1967,18,True,20162017,1.0,82.0,46.0,29.0,7.0,99.0,60.4,2.841,2.634,1.1232,21.3,50.0,40.0,235.0,84.8,28.4146,28.378,0.689,0.405,0.769,0.879,0.7,0.378,4849.0,2438.0,2411.0,50.3,10.0,0.907
/api/v1/teams/20,CGY,1980,21,True,20162017,1.0,82.0,45.0,33.0,4.0,94.0,57.3,2.707,2.671,0.9792,20.2,52.0,51.0,257.0,81.6,29.122,28.7073,0.711,0.409,0.821,0.971,0.564,0.513,4970.0,2432.0,2538.0,48.9,9.3,0.907
/api/v1/teams/21,COL,1995,27,True,20162017,0.0,82.0,22.0,56.0,4.0,48.0,29.3,2.012,3.366,0.5876,12.6,30.0,64.0,239.0,76.6,28.0854,31.7439,0.5,0.172,0.5,0.579,0.31,0.22,4907.0,2631.0,2276.0,53.6,7.2,0.894
/api/v1/teams/22,EDM,1979,25,True,20162017,1.0,82.0,47.0,26.0,9.0,103.0,62.8,2.963,2.524,1.1857,22.9,56.0,43.0,245.0,80.7,31.061,29.4634,0.756,0.39,0.75,0.906,0.489,0.676,4894.0,2302.0,2592.0,47.0,9.5,0.914
/api/v1/teams/23,VAN,1970,20,True,20162017,0.0,82.0,30.0,43.0,9.0,69.0,42.1,2.171,2.939,0.805,14.1,32.0,52.0,227.0,76.7,27.7195,31.7683,0.586,0.245,0.667,0.81,0.333,0.4,4960.0,2537.0,2423.0,51.1,7.8,0.907
/api/v1/teams/24,ANA,1993,32,True,20162017,1.0,82.0,46.0,23.0,13.0,105.0,64.0,2.683,2.402,1.1328,18.7,47.0,43.0,251.0,84.7,29.5732,29.622,0.733,0.351,0.719,0.892,0.564,0.6,4913.0,2687.0,2226.0,54.7,9.1,0.919
/api/v1/teams/25,DAL,1993,15,True,20162017,0.0,82.0,34.0,37.0,11.0,79.0,48.2,2.707,3.171,0.9613,17.9,46.0,65.0,257.0,73.9,30.5488,29.7439,0.676,0.2,0.714,0.786,0.333,0.5,5111.0,2551.0,2560.0,49.9,8.9,0.893
/api/v1/teams/26,LAK,1967,14,True,20162017,0.0,82.0,39.0,35.0,8.0,86.0,52.4,2.427,2.451,0.9556,19.1,46.0,38.0,241.0,84.5,31.1341,25.8537,0.677,0.353,0.765,0.864,0.5,0.421,4948.0,2512.0,2436.0,50.8,7.8,0.905
/api/v1/teams/28,SJS,1991,29,True,20162017,1.0,82.0,46.0,29.0,7.0,99.0,60.4,2.671,2.439,1.1259,16.7,41.0,41.0,246.0,80.7,29.9146,27.6707,0.745,0.314,0.867,0.868,0.524,0.579,4776.0,2299.0,2477.0,48.1,8.9,0.912
/api/v1/teams/29,CBJ,2000,36,True,20162017,1.0,82.0,50.0,24.0,8.0,108.0,65.9,3.012,2.354,1.2632,19.9,42.0,39.0,211.0,82.5,30.9756,30.3537,0.7,0.469,0.757,0.892,0.581,0.629,4939.0,2402.0,2537.0,48.6,9.7,0.922
/api/v1/teams/30,MIN,2000,37,True,20162017,1.0,82.0,49.0,25.0,8.0,106.0,64.6,3.207,2.512,1.2635,21.0,47.0,37.0,224.0,83.0,30.8171,30.061,0.729,0.412,0.818,0.846,0.634,0.579,4909.0,2550.0,2359.0,52.0,10.4,0.916
/api/v1/teams/52,WPG,2011,35,True,20162017,0.0,82.0,40.0,35.0,7.0,87.0,53.0,3.0,3.11,0.9401,18.2,48.0,62.0,264.0,77.5,29.8537,31.0488,0.625,0.357,0.654,0.852,0.474,0.488,4873.0,2364.0,2509.0,48.5,10.0,0.9
/api/v1/teams/53,ARI,2014,28,True,20162017,0.0,82.0,30.0,42.0,10.0,70.0,42.7,2.329,3.146,0.7917,16.2,38.0,59.0,235.0,77.3,27.8171,34.1098,0.525,0.214,0.727,0.826,0.353,0.375,5025.0,2412.0,2613.0,48.0,8.4,0.908
/api/v1/teams/1,NJD,1982,23,True,20172018,1.0,82.0,44.0,29.0,9.0,97.0,59.1,2.963,2.927,0.9581,21.4,54.0,47.0,252.0,81.8,31.6951,31.9024,0.692,0.395,0.739,0.941,0.457,0.6,5046.0,2371.0,2675.0,47.0,9.3,0.908
/api/v1/teams/2,NYI,1972,22,True,20172018,0.0,82.0,35.0,37.0,10.0,80.0,48.8,3.183,3.573,0.9316,23.2,58.0,63.0,250.0,73.2,31.3659,35.5854,0.605,0.273,0.708,0.862,0.345,0.481,4919.0,2404.0,2515.0,48.9,10.1,0.9
/api/v1/teams/3,NYR,1926,10,True,20172018,0.0,82.0,34.0,39.0,9.0,77.0,47.0,2.78,3.207,0.8242,21.2,51.0,46.0,241.0,81.4,30.9512,35.3415,0.667,0.217,0.625,0.957,0.4,0.42,4838.0,2384.0,2454.0,49.3,9.0,0.909
/api/v1/teams/4,PHI,1967,16,True,20172018,1.0,82.0,42.0,26.0,14.0,98.0,59.8,3.037,2.878,1.0897,20.7,54.0,54.0,261.0,75.8,32.0854,29.8537,0.657,0.404,0.667,0.829,0.5,0.5,4812.0,2563.0,2249.0,53.3,9.5,0.904
/api/v1/teams/5,PIT,1967,17,True,20172018,1.0,82.0,47.0,29.0,6.0,100.0,61.0,3.293,3.024,0.9148,26.1,68.0,53.0,260.0,80.0,34.4268,31.1341,0.702,0.4,0.821,0.923,0.64,0.483,5118.0,2572.0,2546.0,50.2,9.6,0.903
/api/v1/teams/6,BOS,1924,6,True,20172018,1.0,82.0,50.0,20.0,12.0,112.0,68.3,3.256,2.573,1.2029,23.6,61.0,40.0,259.0,83.7,32.9634,29.2561,0.784,0.467,0.857,0.892,0.68,0.577,5078.0,2577.0,2501.0,50.8,9.9,0.912
/api/v1/teams/7,BUF,1970,19,True,20172018,0.0,82.0,25.0,45.0,12.0,62.0,37.8,2.415,3.39,0.6761,19.1,49.0,52.0,257.0,77.9,31.1829,32.6951,0.541,0.111,0.55,0.727,0.278,0.316,4927.0,2539.0,2388.0,51.5,7.7,0.896
/api/v1/teams/8,MTL,1917,1,True,20172018,0.0,82.0,29.0,40.0,13.0,71.0,43.3,2.524,3.146,0.8228,21.2,52.0,68.0,245.0,74.1,32.7683,32.3171,0.447,0.273,0.714,0.778,0.378,0.341,5037.0,2395.0,2642.0,47.5,7.7,0.903
/api/v1/teams/9,OTT,1992,30,True,20172018,0.0,82.0,28.0,43.0,11.0,67.0,40.9,2.671,3.463,0.7677,16.6,41.0,56.0,247.0,76.2,30.6707,33.0732,0.533,0.231,0.727,0.727,0.412,0.283,4969.0,2499.0,2470.0,50.3,8.7,0.895
/api/v1/teams/10,TOR,1926,5,True,20172018,1.0,82.0,49.0,26.0,7.0,105.0,64.0,3.293,2.805,1.1835,25.0,56.0,43.0,224.0,81.4,32.1951,33.8537,0.78,0.313,0.838,0.861,0.5,0.652,5187.0,2688.0,2499.0,51.8,10.2,0.917
/api/v1/teams/12,CAR,1997,26,True,20172018,0.0,82.0,36.0,35.0,11.0,83.0,50.6,2.744,3.085,0.8659,18.4,44.0,43.0,239.0,77.5,33.9024,28.8659,0.63,0.194,0.667,0.778,0.526,0.261,4798.0,2594.0,2204.0,54.1,8.1,0.893
/api/v1/teams/13,FLA,1993,33,True,20172018,0.0,82.0,44.0,30.0,8.0,96.0,58.5,2.988,2.963,0.994,18.9,47.0,45.0,249.0,80.2,34.4146,34.6098,0.717,0.306,0.871,0.935,0.444,0.605,5236.0,2657.0,2579.0,50.7,8.7,0.914
/api/v1/teams/14,TBL,1992,31,True,20172018,1.0,82.0,54.0,23.0,5.0,113.0,68.9,3.537,2.854,1.3425,23.9,66.0,64.0,276.0,76.1,32.6829,32.7195,0.837,0.462,0.821,0.923,0.683,0.625,5062.0,2441.0,2621.0,48.2,10.8,0.913
/api/v1/teams/15,WSH,1974,24,True,20172018,1.0,82.0,49.0,26.0,7.0,105.0,64.0,3.122,2.902,1.1104,22.5,55.0,53.0,244.0,80.3,29.0122,31.8659,0.811,0.422,0.966,0.9,0.679,0.56,4894.0,2467.0,2427.0,50.4,10.8,0.909
/api/v1/teams/16,CHI,1926,11,True,20172018,0.0,82.0,33.0,39.0,10.0,76.0,46.3,2.78,3.098,0.9023,16.0,43.0,49.0,269.0,79.2,34.061,32.8902,0.543,0.222,0.581,0.769,0.395,0.4,5019.0,2472.0,2547.0,49.2,8.2,0.906
/api/v1/teams/17,DET,1932,12,True,20172018,0.0,82.0,30.0,39.0,13.0,73.0,44.5,2.585,3.098,0.8862,17.5,41.0,58.0,234.0,77.5,30.3659,31.8659,0.524,0.2,0.68,0.793,0.344,0.356,5009.0,2447.0,2562.0,48.9,8.5,0.903
/api/v1/teams/18,NSH,1998,34,True,20172018,1.0,82.0,53.0,18.0,11.0,117.0,71.3,3.183,2.488,1.3125,21.2,58.0,54.0,273.0,81.9,32.2073,32.4268,0.804,0.387,0.742,0.86,0.576,0.698,5165.0,2753.0,2412.0,53.3,9.9,0.923
/api/v1/teams/19,STL,1967,18,True,20172018,0.0,82.0,44.0,32.0,6.0,94.0,57.3,2.72,2.707,1.087,15.4,38.0,47.0,246.0,79.7,32.6463,29.7317,0.756,0.27,0.889,0.914,0.561,0.48,4915.0,2487.0,2428.0,50.6,8.3,0.909
/api/v1/teams/20,CGY,1980,21,True,20172018,0.0,82.0,37.0,35.0,10.0,84.0,51.2,2.634,2.963,0.9304,16.0,43.0,49.0,269.0,81.8,33.6463,31.1463,0.647,0.313,0.696,0.833,0.429,0.483,5056.0,2496.0,2560.0,49.4,7.8,0.905
/api/v1/teams/21,COL,1995,27,True,20172018,1.0,82.0,43.0,30.0,9.0,95.0,57.9,3.11,2.878,1.0857,22.0,65.0,45.0,296.0,83.3,29.6585,33.3049,0.766,0.2,0.815,0.875,0.448,0.577,4828.0,2135.0,2693.0,44.2,10.5,0.914
/api/v1/teams/22,EDM,1979,25,True,20172018,0.0,82.0,36.0,40.0,6.0,78.0,47.6,2.793,3.195,0.9261,14.8,31.0,57.0,210.0,76.7,33.4146,32.122,0.595,0.311,0.783,0.913,0.463,0.378,4917.0,2394.0,2523.0,48.7,8.4,0.901
/api/v1/teams/23,VAN,1970,20,True,20172018,0.0,82.0,31.0,40.0,11.0,73.0,44.5,2.659,3.159,0.8415,21.5,53.0,60.0,247.0,78.3,30.0488,32.2073,0.515,0.286,0.875,0.75,0.281,0.435,4901.0,2427.0,2474.0,49.5,8.8,0.902
/api/v1/teams/24,ANA,1993,32,True,20172018,1.0,82.0,44.0,25.0,13.0,101.0,61.6,2.817,2.549,1.146,17.8,38.0,46.0,214.0,83.2,30.1829,33.122,0.732,0.341,0.719,0.78,0.571,0.542,4875.0,2499.0,2376.0,51.3,9.3,0.923
/api/v1/teams/25,DAL,1993,15,True,20172018,0.0,82.0,42.0,32.0,8.0,92.0,56.1,2.817,2.707,1.0963,19.3,47.0,54.0,244.0,80.8,31.2195,29.8415,0.682,0.316,0.731,0.861,0.463,0.629,5144.0,2701.0,2443.0,52.5,9.0,0.909
/api/v1/teams/26,LAK,1967,14,True,20172018,1.0,82.0,45.0,29.0,8.0,98.0,59.8,2.89,2.463,1.1567,20.4,49.0,39.0,240.0,85.0,31.0244,30.939,0.781,0.4,0.75,0.9,0.619,0.462,4884.0,2429.0,2455.0,49.7,9.3,0.92
/api/v1/teams/28,SJS,1991,29,True,20172018,1.0,82.0,45.0,27.0,10.0,100.0,61.0,3.012,2.756,0.9578,20.6,53.0,34.0,257.0,84.8,32.9512,30.3415,0.7,0.405,0.833,0.909,0.5,0.583,4991.0,2558.0,2433.0,51.2,9.1,0.909
/api/v1/teams/29,CBJ,2000,36,True,20172018,1.0,82.0,45.0,30.0,7.0,97.0,59.1,2.878,2.756,1.1342,17.2,39.0,51.0,227.0,76.2,33.6707,31.3049,0.652,0.417,0.759,0.833,0.553,0.563,4958.0,2400.0,2558.0,48.4,8.5,0.912
/api/v1/teams/30,MIN,2000,37,True,20172018,1.0,82.0,45.0,26.0,11.0,101.0,61.6,3.049,2.793,1.1034,20.4,49.0,51.0,240.0,81.2,30.1951,31.3293,0.75,0.357,0.857,0.838,0.581,0.521,4849.0,2415.0,2434.0,49.8,10.1,0.911
/api/v1/teams/52,WPG,2011,35,True,20172018,1.0,82.0,52.0,20.0,10.0,114.0,69.5,3.329,2.634,1.2222,23.4,64.0,50.0,274.0,81.8,32.2317,31.8659,0.787,0.429,0.882,0.955,0.659,0.579,5055.0,2649.0,2406.0,52.4,10.3,0.917
/api/v1/teams/53,ARI,2014,28,True,20172018,0.0,82.0,29.0,41.0,12.0,70.0,42.7,2.512,3.061,0.8485,16.9,41.0,46.0,243.0,79.6,29.878,32.2195,0.5,0.167,0.6,0.677,0.353,0.348,5088.0,2429.0,2659.0,47.7,8.4,0.905
/api/v1/teams/54,VGK,2017,38,True,20172018,1.0,82.0,51.0,24.0,7.0,109.0,66.5,3.268,2.744,1.121,21.0,52.0,44.0,248.0,81.4,32.7561,30.7439,0.829,0.415,0.75,0.861,0.688,0.517,4987.0,2439.0,2548.0,48.9,10.0,0.911
/api/v1/teams/1,NJD,1982,23,True,20182019,0.0,82.0,31.0,41.0,10.0,72.0,43.9,2.671,3.305,0.7989,17.7,45.0,40.0,254.0,84.3,30.3415,31.6098,0.543,0.167,0.63,0.815,0.429,0.372,4900.0,2418.0,2482.0,49.4,8.8,0.895
/api/v1/teams/2,NYI,1972,22,True,20182019,1.0,82.0,48.0,27.0,7.0,103.0,62.8,2.72,2.329,1.2756,14.5,33.0,44.0,227.0,79.9,28.7805,30.9024,0.689,0.459,0.71,0.85,0.531,0.646,4477.0,2124.0,2353.0,47.4,9.4,0.925
/api/v1/teams/3,NYR,1926,10,True,20182019,0.0,82.0,32.0,36.0,14.0,78.0,47.6,2.695,3.256,0.8382,19.4,44.0,58.0,227.0,78.2,29.1829,33.8293,0.432,0.356,0.526,0.722,0.462,0.357,4663.0,2188.0,2475.0,46.9,9.2,0.904
/api/v1/teams/4,PHI,1967,16,True,20182019,0.0,82.0,37.0,37.0,8.0,82.0,50.0,2.939,3.415,0.8639,17.1,40.0,51.0,234.0,78.5,31.5,32.5,0.656,0.32,0.773,0.839,0.306,0.548,4818.0,2637.0,2181.0,54.7,9.3,0.895
/api/v1/teams/5,PIT,1967,17,True,20182019,1.0,82.0,44.0,26.0,12.0,100.0,61.0,3.305,2.902,1.2133,24.6,56.0,45.0,228.0,79.7,33.3049,33.2805,0.596,0.457,0.75,0.923,0.417,0.634,4908.0,2482.0,2426.0,50.6,9.9,0.913
/api/v1/teams/6,BOS,1924,6,True,20182019,1.0,82.0,49.0,24.0,9.0,107.0,65.2,3.134,2.585,1.2266,25.9,65.0,49.0,251.0,79.9,32.6829,29.4634,0.739,0.417,0.806,0.838,0.563,0.625,4840.0,2455.0,2385.0,50.7,9.6,0.912
/api/v1/teams/7,BUF,1970,19,True,20182019,0.0,82.0,33.0,39.0,10.0,76.0,46.3,2.695,3.268,0.8324,19.5,46.0,41.0,236.0,80.9,32.8902,32.9756,0.615,0.209,0.655,0.75,0.325,0.463,4872.0,2334.0,2538.0,47.9,8.2,0.901
/api/v1/teams/8,MTL,1917,1,True,20182019,0.0,82.0,44.0,30.0,8.0,96.0,58.5,3.0,2.878,1.1534,13.2,31.0,46.0,234.0,80.9,34.0976,31.0732,0.705,0.342,0.75,0.794,0.565,0.486,4932.0,2437.0,2495.0,49.4,8.8,0.907
/api/v1/teams/9,OTT,1992,30,True,20182019,0.0,82.0,29.0,47.0,6.0,64.0,39.0,2.951,3.671,0.7854,20.4,46.0,45.0,226.0,79.2,29.622,35.7439,0.512,0.179,0.586,0.76,0.44,0.321,4815.0,2387.0,2428.0,49.6,10.0,0.897
/api/v1/teams/10,TOR,1926,5,True,20182019,1.0,82.0,46.0,28.0,8.0,100.0,61.0,3.488,3.037,1.2047,21.8,46.0,41.0,211.0,79.9,33.3659,33.1341,0.738,0.375,0.828,0.973,0.571,0.561,4959.0,2629.0,2330.0,53.0,10.5,0.908
/api/v1/teams/12,CAR,1997,26,True,20182019,1.0,82.0,46.0,29.0,7.0,99.0,60.4,2.963,2.695,1.0878,17.8,44.0,44.0,247.0,81.6,34.4146,28.5732,0.767,0.333,0.862,0.872,0.509,0.708,4968.0,2436.0,2532.0,49.0,8.6,0.906
/api/v1/teams/13,FLA,1993,33,True,20182019,0.0,82.0,36.0,32.0,14.0,86.0,52.4,3.22,3.329,0.8526,26.8,72.0,43.0,269.0,81.3,32.9878,30.6829,0.538,0.349,0.483,0.735,0.468,0.406,5072.0,2527.0,2545.0,49.8,9.8,0.891
/api/v1/teams/14,TBL,1992,31,True,20182019,1.0,82.0,62.0,16.0,4.0,128.0,78.0,3.89,2.695,1.3121,28.2,74.0,40.0,262.0,85.0,31.9512,32.1098,0.848,0.639,0.912,0.907,0.75,0.75,4921.0,2520.0,2401.0,51.2,12.2,0.916
/api/v1/teams/15,WSH,1974,24,True,20182019,1.0,82.0,48.0,26.0,8.0,104.0,63.4,3.341,3.024,1.2236,20.8,49.0,55.0,236.0,78.9,30.3902,31.5122,0.762,0.4,0.73,0.902,0.636,0.533,4723.0,2160.0,2563.0,45.7,11.0,0.904
/api/v1/teams/16,CHI,1926,11,True,20182019,0.0,82.0,36.0,34.0,12.0,84.0,51.2,3.256,3.549,0.9892,20.2,48.0,63.0,238.0,72.7,32.5488,34.7805,0.605,0.256,0.741,0.92,0.444,0.409,4760.0,2356.0,2404.0,49.5,10.0,0.898
/api/v1/teams/17,DET,1932,12,True,20182019,0.0,82.0,32.0,40.0,10.0,74.0,45.1,2.732,3.317,0.8258,18.1,39.0,56.0,216.0,77.1,29.1951,33.6707,0.568,0.244,0.5,0.739,0.385,0.389,5058.0,2568.0,2490.0,50.8,9.4,0.901
/api/v1/teams/18,NSH,1998,34,True,20182019,1.0,82.0,47.0,29.0,6.0,100.0,61.0,2.878,2.585,1.1469,12.9,33.0,45.0,255.0,82.1,32.6585,29.9878,0.875,0.286,0.88,0.946,0.6,0.5,4922.0,2537.0,2385.0,51.5,8.8,0.914
/api/v1/teams/19,STL,1967,18,True,20182019,1.0,82.0,45.0,28.0,9.0,99.0,60.4,2.976,2.683,1.1361,21.1,50.0,43.0,237.0,81.5,31.7561,28.5976,0.75,0.265,0.758,0.897,0.582,0.5,4767.0,2450.0,2317.0,51.4,9.4,0.906
/api/v1/teams/20,CGY,1980,21,True,20182019,1.0,82.0,50.0,25.0,7.0,107.0,65.2,3.524,2.72,1.2617,19.3,53.0,50.0,275.0,79.7,32.3902,28.0732,0.878,0.341,0.875,0.969,0.571,0.68,4755.0,2490.0,2265.0,52.4,10.9,0.903
/api/v1/teams/21,COL,1995,27,True,20182019,1.0,82.0,38.0,30.0,14.0,90.0,54.9,3.146,2.976,1.0195,22.0,63.0,58.0,286.0,78.7,32.6341,31.939,0.7,0.238,0.75,0.875,0.524,0.395,4875.0,2346.0,2529.0,48.1,9.6,0.907
/api/v1/teams/22,EDM,1979,25,True,20182019,0.0,82.0,35.0,38.0,9.0,79.0,48.2,2.793,3.305,0.8156,21.2,47.0,62.0,222.0,74.8,29.1707,31.6951,0.575,0.286,0.63,0.778,0.438,0.435,4810.0,2327.0,2483.0,48.4,9.6,0.896
/api/v1/teams/23,VAN,1970,20,True,20182019,0.0,82.0,35.0,36.0,11.0,81.0,49.4,2.671,3.024,0.8343,17.1,43.0,48.0,251.0,81.1,29.6707,31.6707,0.727,0.224,0.75,0.75,0.382,0.447,4857.0,2404.0,2453.0,49.5,9.0,0.905
/api/v1/teams/24,ANA,1993,32,True,20182019,0.0,82.0,35.0,37.0,10.0,80.0,48.8,2.39,3.024,0.8831,17.0,36.0,55.0,212.0,79.7,27.6951,33.2317,0.59,0.279,0.68,0.769,0.44,0.426,4663.0,2394.0,2269.0,51.3,8.6,0.909
/api/v1/teams/25,DAL,1993,15,True,20182019,1.0,82.0,43.0,32.0,7.0,93.0,56.7,2.549,2.439,1.0149,21.0,45.0,41.0,214.0,82.8,30.7195,31.5976,0.744,0.282,0.81,0.909,0.528,0.522,4875.0,2529.0,2346.0,51.9,8.3,0.923
/api/v1/teams/26,LAK,1967,14,True,20182019,0.0,82.0,31.0,42.0,9.0,71.0,43.3,2.427,3.159,0.8246,15.8,35.0,54.0,221.0,76.5,28.7561,31.439,0.7,0.192,0.867,0.833,0.375,0.375,4776.0,2410.0,2366.0,50.5,8.4,0.9
/api/v1/teams/28,SJS,1991,29,True,20182019,1.0,82.0,46.0,27.0,9.0,101.0,61.6,3.524,3.146,1.0376,23.6,57.0,45.0,241.0,80.8,33.0244,28.3293,0.705,0.395,0.813,0.872,0.582,0.542,4722.0,2376.0,2346.0,50.3,10.7,0.889
/api/v1/teams/29,CBJ,2000,36,True,20182019,1.0,82.0,47.0,31.0,4.0,98.0,59.8,3.122,2.817,1.1,15.4,34.0,30.0,221.0,85.0,31.6098,29.4878,0.786,0.35,0.879,0.941,0.549,0.63,4844.0,2434.0,2410.0,50.2,9.9,0.904
/api/v1/teams/30,MIN,2000,37,True,20182019,0.0,82.0,37.0,36.0,9.0,83.0,50.6,2.561,2.841,0.9038,20.3,49.0,44.0,241.0,81.7,31.3049,29.5,0.69,0.321,0.773,0.815,0.438,0.485,4869.0,2404.0,2465.0,49.4,8.2,0.904
/api/v1/teams/52,WPG,2011,35,True,20182019,1.0,82.0,47.0,30.0,5.0,99.0,60.4,3.293,2.963,1.0307,24.8,62.0,52.0,250.0,79.2,31.1829,33.4268,0.69,0.45,0.733,0.743,0.621,0.549,4860.0,2464.0,2396.0,50.7,10.6,0.911
/api/v1/teams/53,ARI,2014,28,True,20182019,0.0,82.0,39.0,35.0,8.0,86.0,52.4,2.549,2.683,0.8408,16.3,42.0,34.0,258.0,85.0,30.7439,30.8171,0.617,0.286,0.714,0.935,0.425,0.537,4818.0,2307.0,2511.0,47.9,8.3,0.913
/api/v1/teams/54,VGK,2017,38,True,20182019,1.0,82.0,43.0,32.0,7.0,93.0,56.7,3.0,2.78,1.0741,16.8,39.0,44.0,232.0,80.9,34.3171,29.2561,0.643,0.4,0.69,0.903,0.585,0.423,4923.0,2481.0,2442.0,50.4,8.7,0.905
